시군구코드,개편전코드,시도,시군구,수자원_기준연도,수자원_key,수자원_상위시값공유,수자원_산출근거,수자원_원수수입,수자원_H_own,수자원_H_kw,수자원_H_imp,수자원_H,수자원_H_자체만,수자원_H_배분,수자원_H_kw_배분,수자원_H_imp_배분,수자원_광역의존비중,수자원_공유정수장_사업자수,수자원_H_미절단,수자원_U,수자원_S_stress,수자원_S_stress_추정,수자원_D_기준,수자원_S_cov,수자원_Water_final,수자원_탈락여부,수자원_탈락여부_자체만,수자원_광역협의필요,수자원_탈락여부_D400,수자원_탈락여부_D33840,수자원_확충사업_대상,수자원_확충사업명,수자원_공업용수_여유,수자원_공업용수_시설,수자원_운휴정수장_용량,냉각_상위시값공유,냉각_STN,냉각_관측소명,냉각_출처,냉각_해발고도_m,냉각_관측소주소,냉각_이동km,냉각_총관측시간,냉각_여름관측시간,냉각_여름관측커버리지,냉각_습도포화비율,냉각_연평균_WSE가능시간,냉각_WSE가능비율,냉각_연평균_여름극값시간,냉각_여름극값비율,냉각_WSE가능시간_2024,냉각_WSE가능시간_2025,냉각_여름극값시간_2024,냉각_여름극값시간_2025,냉각_선택사유,냉각_품질플래그,냉각_기준기간
11110,,서울,종로구,2024,서울|서울,True,자체,True,1364778.0,0.0,0.0,1364778.0,1364778.0,815199.5,0.0,0.0,0.0,0,1364778.0,0.7156712500000001,0.9477624999999996,False,4080.000000000001,1.0,0.98432875,False,False,False,False,False,False,,108770.0,영등포,0.0,False,108,서울,ASOS,85.67,서울특별시 종로구 송월동,0.0,16800,4416.0,1.0,0.0008,4553.0,0.5197,714.0,0.3234,4283.0,4822.0,719.0,709.0,자체 최저고도 관측소,정상,2024-2025
11140,,서울,중구,2024,서울|서울,True,자체,True,1364778.0,0.0,0.0,1364778.0,1364778.0,815199.5,0.0,0.0,0.0,0,1364778.0,0.7156712500000001,0.9477624999999996,False,4080.000000000001,1.0,0.98432875,False,False,False,False,False,False,,108770.0,영등포,0.0,False,419,중구,AWS,267.05,서울특별시 중구 예장동,0.0,17532,4411.0,0.9989,0.0722,4964.0,0.5667,465.0,0.2105,4955.0,4973.0,493.0,436.0,자체 지역명 대표 관측소,정상,2024-2025
11170,,서울,용산구,2024,서울|서울,True,자체,True,1364778.0,0.0,0.0,1364778.0,1364778.0,815199.5,0.0,0.0,0.0,0,1364778.0,0.7156712500000001,0.9477624999999996,False,4080.000000000001,1.0,0.98432875,False,False,False,False,False,False,,108770.0,영등포,0.0,False,415,용산,AWS,31.73,서울특별시 용산구 이촌동,0.0905664397008038,16767,4416.0,1.0,0.0,4793.0,0.5472,703.0,0.3184,4660.0,4926.0,792.0,614.0,자체 지역명 대표 관측소,정상,2024-2025
11200,,서울,성동구,2024,서울|서울,True,자체,True,1364778.0,0.0,0.0,1364778.0,1364778.0,815199.5,0.0,0.0,0.0,0,1364778.0,0.7156712500000001,0.9477624999999996,False,4080.000000000001,1.0,0.98432875,False,False,False,False,False,False,,108770.0,영등포,0.0,False,421,성동,AWS,34.73,서울특별시 성동구 성수동1가,0.0,17541,4416.0,1.0,0.0004,4771.0,0.5446,508.0,0.2303,4686.0,4855.0,580.0,437.0,자체 지역명 대표 관측소,정상,2024-2025
11215,,서울,광진구,2024,서울|서울,True,자체,True,1364778.0,0.0,0.0,1364778.0,1364778.0,815199.5,0.0,0.0,0.0,0,1364778.0,0.7156712500000001,0.9477624999999996,False,4080.000000000001,1.0,0.98432875,False,False,False,False,False,False,,108770.0,영등포,0.0,False,413,광진,AWS,29.91,서울특별시 광진구 자양동,0.0518097481172279,17354,4416.0,1.0,0.0,4710.0,0.5377,748.0,0.3385,4613.0,4807.0,780.0,715.0,자체 지역명 대표 관측소,정상,2024-2025
11230,,서울,동대문구,2024,서울|서울,True,자체,True,1364778.0,0.0,0.0,1364778.0,1364778.0,815199.5,0.0,0.0,0.0,0,1364778.0,0.7156712500000001,0.9477624999999996,False,4080.000000000001,1.0,0.98432875,False,False,False,False,False,False,,108770.0,영등포,0.0,False,408,동대문,AWS,53.96,서울특별시 동대문구 전농동,0.0,17501,4415.0,0.9998,0.0,4784.0,0.5461,648.0,0.2934,4707.0,4861.0,705.0,591.0,자체 지역명 대표 관측소,정상,2024-2025
11260,,서울,중랑구,2024,서울|서울,True,자체,True,1364778.0,0.0,0.0,1364778.0,1364778.0,815199.5,0.0,0.0,0.0,0,1364778.0,0.7156712500000001,0.9477624999999996,False,4080.000000000001,1.0,0.98432875,False,False,False,False,False,False,,108770.0,영등포,0.0,False,409,중랑,AWS,39.09,서울특별시 중랑구 면목동,0.0,17538,4414.0,0.9995,0.0,4834.0,0.5518,453.0,0.2053,4773.0,4895.0,540.0,367.0,자체 지역명 대표 관측소,정상,2024-2025
11290,,서울,성북구,2024,서울|서울,True,자체,True,1364778.0,0.0,0.0,1364778.0,1364778.0,815199.5,0.0,0.0,0.0,0,1364778.0,0.7156712500000001,0.9477624999999996,False,4080.000000000001,1.0,0.98432875,False,False,False,False,False,False,,108770.0,영등포,0.0,False,414,성북,AWS,128.62,서울특별시 성북구 정릉동,0.0,17512,4399.0,0.9962,0.005,4965.0,0.5667,334.0,0.1513,4963.0,4966.0,394.0,274.0,자체 지역명 대표 관측소,정상,2024-2025
11305,,서울,강북구,2024,서울|서울,True,자체,True,1364778.0,0.0,0.0,1364778.0,1364778.0,815199.5,0.0,0.0,0.0,0,1364778.0,0.7156712500000001,0.9477624999999996,False,4080.000000000001,1.0,0.98432875,False,False,False,False,False,False,,108770.0,영등포,0.0,False,424,강북,AWS,69.8,서울특별시 강북구 수유동,0.0,17533,4416.0,1.0,0.0039,4905.0,0.5599,354.0,0.1603,4872.0,4938.0,494.0,214.0,자체 지역명 대표 관측소,정상,2024-2025
11320,,서울,도봉구,2024,서울|서울,True,자체,True,1364778.0,0.0,0.0,1364778.0,1364778.0,815199.5,0.0,0.0,0.0,0,1364778.0,0.7156712500000001,0.9477624999999996,False,4080.000000000001,1.0,0.98432875,False,False,False,False,False,False,,108770.0,영등포,0.0,False,406,도봉,AWS,56.65,서울특별시 도봉구 방학동,0.0,17469,4416.0,1.0,0.0,4826.0,0.5509,615.0,0.2785,4772.0,4880.0,664.0,566.0,자체 지역명 대표 관측소,정상,2024-2025
11350,,서울,노원구,2024,서울|서울,True,자체,True,1364778.0,0.0,0.0,1364778.0,1364778.0,815199.5,0.0,0.0,0.0,0,1364778.0,0.7156712500000001,0.9477624999999996,False,4080.000000000001,1.0,0.98432875,False,False,False,False,False,False,,108770.0,영등포,0.0,False,407,노원,AWS,25.3,서울특별시 노원구 공릉동,0.0,17478,4416.0,1.0,0.0,4849.0,0.5536,694.0,0.3143,4806.0,4892.0,739.0,649.0,자체 지역명 대표 관측소,정상,2024-2025
11380,,서울,은평구,2024,서울|서울,True,자체,True,1364778.0,0.0,0.0,1364778.0,1364778.0,815199.5,0.0,0.0,0.0,0,1364778.0,0.7156712500000001,0.9477624999999996,False,4080.000000000001,1.0,0.98432875,False,False,False,False,False,False,,108770.0,영등포,0.0,False,416,은평,AWS,55.0,서울특별시 은평구 진관동,0.0,17400,4415.0,0.9998,0.0066,5033.0,0.5746,275.0,0.1243,5008.0,5058.0,316.0,233.0,자체 지역명 대표 관측소,정상,2024-2025
11410,,서울,서대문구,2024,서울|서울,True,자체,True,1364778.0,0.0,0.0,1364778.0,1364778.0,815199.5,0.0,0.0,0.0,0,1364778.0,0.7156712500000001,0.9477624999999996,False,4080.000000000001,1.0,0.98432875,False,False,False,False,False,False,,108770.0,영등포,0.0,False,412,서대문,AWS,103.08,서울특별시 서대문구 신촌동,0.0,17317,4409.0,0.9984,0.0001,4869.0,0.5559,606.0,0.2747,4860.0,4879.0,542.0,671.0,자체 지역명 대표 관측소,정상,2024-2025
11440,,서울,마포구,2024,서울|서울,True,자체,True,1364778.0,0.0,0.0,1364778.0,1364778.0,815199.5,0.0,0.0,0.0,0,1364778.0,0.7156712500000001,0.9477624999999996,False,4080.000000000001,1.0,0.98432875,False,False,False,False,False,False,,108770.0,영등포,0.0,False,411,마포,AWS,100.67,서울특별시 마포구 망원동,0.0,17169,4346.0,0.9841,0.0,4780.0,0.5457,619.0,0.2806,4660.0,4901.0,842.0,397.0,자체 지역명 대표 관측소,정상,2024-2025
11470,,서울,양천구,2024,서울|서울,True,자체,True,1364778.0,0.0,0.0,1364778.0,1364778.0,815199.5,0.0,0.0,0.0,0,1364778.0,0.7156712500000001,0.9477624999999996,False,4080.000000000001,1.0,0.98432875,False,False,False,False,False,False,,108770.0,영등포,0.0,False,405,양천,AWS,22.75,서울특별시 양천구 목동,0.0,17490,4378.0,0.9914,0.0,4764.0,0.5438,567.0,0.2566,4669.0,4858.0,642.0,491.0,자체 지역명 대표 관측소,정상,2024-2025
11500,,서울,강서구,2024,서울|서울,True,자체,True,1364778.0,0.0,0.0,1364778.0,1364778.0,815199.5,0.0,0.0,0.0,0,1364778.0,0.7156712500000001,0.9477624999999996,False,4080.000000000001,1.0,0.98432875,False,False,False,False,False,False,,108770.0,영등포,0.0,False,404,강서,AWS,9.3,서울특별시 강서구 화곡동,0.0,17493,4413.0,0.9993,0.0,4728.0,0.5398,817.0,0.37,4628.0,4828.0,841.0,794.0,자체 지역명 대표 관측소,정상,2024-2025
11530,,서울,구로구,2024,서울|서울,True,자체,True,1364778.0,0.0,0.0,1364778.0,1364778.0,815199.5,0.0,0.0,0.0,0,1364778.0,0.7156712500000001,0.9477624999999996,False,4080.000000000001,1.0,0.98432875,False,False,False,False,False,False,,108770.0,영등포,0.0,False,423,구로,AWS,56.08,서울특별시 구로구 온수동,0.0,17301,4414.0,0.9995,0.0,4759.0,0.5433,790.0,0.3576,4665.0,4853.0,816.0,763.0,자체 지역명 대표 관측소,정상,2024-2025
11545,,서울,금천구,2024,서울|서울,True,자체,True,1364778.0,0.0,0.0,1364778.0,1364778.0,815199.5,0.0,0.0,0.0,0,1364778.0,0.7156712500000001,0.9477624999999996,False,4080.000000000001,1.0,0.98432875,False,False,False,False,False,False,,108770.0,영등포,0.0,False,417,금천,AWS,45.0,서울특별시 금천구 독산동,0.0,17523,4397.0,0.9957,0.0,4774.0,0.545,704.0,0.3187,4677.0,4872.0,757.0,650.0,자체 지역명 대표 관측소,정상,2024-2025
11560,,서울,영등포구,2024,서울|서울,True,자체,True,1364778.0,0.0,0.0,1364778.0,1364778.0,815199.5,0.0,0.0,0.0,0,1364778.0,0.7156712500000001,0.9477624999999996,False,4080.000000000001,1.0,0.98432875,False,False,False,False,False,False,,108770.0,영등포,0.0,False,510,영등포,AWS,25.38,서울특별시 영등포구 당산동,0.0,17488,4416.0,1.0,0.0,4700.0,0.5365,724.0,0.3281,4563.0,4836.0,771.0,678.0,자체 지역명 대표 관측소,정상,2024-2025
11590,,서울,동작구,2024,서울|서울,True,자체,True,1364778.0,0.0,0.0,1364778.0,1364778.0,815199.5,0.0,0.0,0.0,0,1364778.0,0.7156712500000001,0.9477624999999996,False,4080.000000000001,1.0,0.98432875,False,False,False,False,False,False,,108770.0,영등포,0.0,False,410,기상청,AWS,41.76,서울특별시 동작구 신대방동,0.0,17500,4416.0,1.0,0.0001,5030.0,0.5742,391.0,0.1771,5041.0,5018.0,482.0,300.0,자체 최저고도 관측소,정상,2024-2025
11620,,서울,관악구,2024,서울|서울,True,자체,True,1364778.0,0.0,0.0,1364778.0,1364778.0,815199.5,0.0,0.0,0.0,0,1364778.0,0.7156712500000001,0.9477624999999996,False,4080.000000000001,1.0,0.98432875,False,False,False,False,False,False,,108770.0,영등포,0.0,False,509,관악,AWS,141.64,서울특별시 관악구 신림동,0.0,17477,4416.0,1.0,0.0001,5033.0,0.5745,286.0,0.1298,5056.0,5010.0,360.0,213.0,자체 지역명 대표 관측소,정상,2024-2025
11650,,서울,서초구,2024,서울|서울,True,자체,True,1364778.0,0.0,0.0,1364778.0,1364778.0,815199.5,0.0,0.0,0.0,0,1364778.0,0.7156712500000001,0.9477624999999996,False,4080.000000000001,1.0,0.98432875,False,False,False,False,False,False,,108770.0,영등포,0.0,False,401,서초,AWS,33.05,서울특별시 서초구 서초동,0.0,17503,4416.0,1.0,0.0,4774.0,0.545,574.0,0.2602,4703.0,4845.0,625.0,524.0,자체 지역명 대표 관측소,정상,2024-2025
11680,,서울,강남구,2024,서울|서울,True,자체,True,1364778.0,0.0,0.0,1364778.0,1364778.0,815199.5,0.0,0.0,0.0,0,1364778.0,0.7156712500000001,0.9477624999999996,False,4080.000000000001,1.0,0.98432875,False,False,False,False,False,False,,108770.0,영등포,0.0,False,400,강남,AWS,12.66,서울특별시 강남구 일원동,0.0,17443,4367.0,0.9889,0.0013,4698.0,0.5363,708.0,0.3205,4604.0,4791.0,781.0,634.0,자체 지역명 대표 관측소,정상,2024-2025
11710,,서울,송파구,2024,서울|서울,True,자체,True,1364778.0,0.0,0.0,1364778.0,1364778.0,815199.5,0.0,0.0,0.0,0,1364778.0,0.7156712500000001,0.9477624999999996,False,4080.000000000001,1.0,0.98432875,False,False,False,False,False,False,,108770.0,영등포,0.0,False,403,송파,AWS,54.05,서울특별시 송파구 장지동,4.855382696554306,17491,4416.0,1.0,0.0,4727.0,0.5397,710.0,0.3213,4615.0,4840.0,751.0,668.0,"자체 지역명 대표 관측소(기준 완화: 여름관측 100%, 이전 4.9km)",기준완화,2024-2025
11740,,서울,강동구,2024,서울|서울,True,자체,True,1364778.0,0.0,0.0,1364778.0,1364778.0,815199.5,0.0,0.0,0.0,0,1364778.0,0.7156712500000001,0.9477624999999996,False,4080.000000000001,1.0,0.98432875,False,False,False,False,False,False,,108770.0,영등포,0.0,False,402,강동,AWS,55.29,서울특별시 강동구 고덕동,0.0,17535,4413.0,0.9993,0.0003,4838.0,0.5522,424.0,0.1919,4774.0,4901.0,501.0,347.0,자체 지역명 대표 관측소,정상,2024-2025
12110,46110,전남광주,목포시,2024,전남광주|목포시,False,자체+광역,True,71126.0,12794.0,0.0,83920.0,71126.0,75605.3394506884,4479.339450688413,0.0,0.1524547187797902,10,83920.0,0.4072833333333333,1.0,False,4080.000000000001,1.0,1.0,False,False,False,False,False,True,영산강3차,0.0,,0.0,False,165,목포,ASOS,44.7,전남광주통합특별시 목포시 연산동,0.0,16800,4416.0,1.0,0.0177,4094.0,0.4674,1021.0,0.4622,3719.0,4470.0,972.0,1069.0,자체 지역명 대표 관측소,정상,2024-2025
12130,46130,전남광주,여수시,2024,전남광주|여수시,False,자체,True,10546.0,0.0,0.0,10546.0,10546.0,10546.0,0.0,0.0,0.0,0,10546.0,0.9327080142930066,0.2243066190233111,False,4080.000000000001,0.7125419457014129,0.5660713476979824,False,False,False,False,True,True,"여수 하수재이용, 보성 지하수저류지, 광양 지하수저류지, 광양Ⅳ 공업",0.0,,0.0,False,168,여수,ASOS,65.93,전남광주통합특별시 여수시 고소동,0.0,16800,4416.0,1.0,0.0,4147.0,0.4734,738.0,0.3342,3731.0,4564.0,795.0,681.0,자체 지역명 대표 관측소,정상,2024-2025
12150,46150,전남광주,순천시,2024,전남광주|순천시,False,자체+광역,True,51032.0,18704.0,0.0,69736.0,51032.0,63053.67505278795,12021.675052787952,0.0,0.2682115406676609,3,69736.0,0.6609169435215947,1.0,False,4080.000000000001,1.0,1.0,False,False,False,False,False,False,,0.0,,7000.0,False,174,순천,ASOS,165.0,전남광주통합특별시 순천시 승주읍 평중리,0.0,16686,4408.0,0.9982,0.0266,4595.0,0.5246,295.0,0.1336,4275.0,4915.0,354.0,235.0,자체 지역명 대표 관측소,정상,2024-2025
12170,46170,전남광주,나주시,2024,전남광주|나주시,False,광역,False,,12940.0,0.0,12940.0,0.0,2059.786777729978,2059.786777729978,0.0,1.0,5,12940.0,,0.5,True,4080.000000000001,0.7971450182119086,0.708001512748336,False,True,True,False,True,False,,0.0,,1600.0,False,710,나주,AWS,7.82,전남광주통합특별시 나주시 금천면 오강리,0.0,17122,4333.0,0.9812,0.022,4467.0,0.51,698.0,0.3162,4328.0,4607.0,711.0,685.0,자체 지역명 대표 관측소,정상,2024-2025
12190,46230,전남광주,광양시,2024,전남광주|광양시,False,자체,True,27930.0,0.0,0.0,27930.0,27930.0,27930.0,0.0,0.0,0.0,0,27930.0,0.6826136363636364,1.0,False,4080.000000000001,1.0,1.0,False,False,False,False,True,True,"보성 지하수저류지, 광양 지하수저류지, 광양Ⅳ 공업",0.0,,0.0,False,713,광양읍,AWS,15.56,전남광주통합특별시 광양시 광양읍 칠성리,0.0,17510,4416.0,1.0,0.1566,4256.0,0.4859,1024.0,0.4638,4096.0,4417.0,1093.0,955.0,자체 지역명 대표 관측소,정상,2024-2025
12210,29110,전남광주,동구,2024,전남광주|광주광역시,True,자체+광역,True,194660.0,12940.0,0.0,207600.0,194660.0,204045.99150810757,9385.991508107538,0.0,0.0623314065510597,5,207600.0,0.7369459459459461,0.8768468468468464,False,4080.000000000001,1.0,0.963054054054054,False,False,False,False,False,False,,0.0,,0.0,False,722,조선대,AWS,110.87,전남광주통합특별시 동구 학동,0.0,17260,4363.0,0.988,0.0256,4423.0,0.5049,739.0,0.3347,4277.0,4569.0,757.0,721.0,자체 최저고도 관측소,정상,2024-2025
12240,29140,전남광주,서구,2024,전남광주|광주광역시,True,자체+광역,True,194660.0,12940.0,0.0,207600.0,194660.0,204045.99150810757,9385.991508107538,0.0,0.0623314065510597,5,207600.0,0.7369459459459461,0.8768468468468464,False,4080.000000000001,1.0,0.963054054054054,False,False,False,False,False,False,,0.0,,0.0,False,788,풍암,AWS,64.98,전남광주통합특별시 서구 풍암동,0.0,17483,4399.0,0.9962,0.0049,4423.0,0.5049,773.0,0.35,4209.0,4637.0,833.0,713.0,자체 최저고도 관측소,정상,2024-2025
12270,29155,전남광주,남구,2024,전남광주|광주광역시,True,자체+광역,True,194660.0,12940.0,0.0,207600.0,194660.0,204045.99150810757,9385.991508107538,0.0,0.0623314065510597,5,207600.0,0.7369459459459461,0.8768468468468464,False,4080.000000000001,1.0,0.963054054054054,False,False,False,False,False,False,,0.0,,0.0,False,689,광주남구,AWS,73.11,전남광주통합특별시 남구 노대동,0.0,17530,4403.0,0.9971,0.034,4426.0,0.5052,668.0,0.3027,4233.0,4618.0,743.0,594.0,자체 지역명 대표 관측소,정상,2024-2025
12300,29170,전남광주,북구,2024,전남광주|광주광역시,True,자체+광역,True,194660.0,12940.0,0.0,207600.0,194660.0,204045.99150810757,9385.991508107538,0.0,0.0623314065510597,5,207600.0,0.7369459459459461,0.8768468468468464,False,4080.000000000001,1.0,0.963054054054054,False,False,False,False,False,False,,0.0,,0.0,False,783,과기원,AWS,30.59,전남광주통합특별시 북구 오룡동,0.0,17286,4245.0,0.9613,0.0,4473.0,0.5106,771.0,0.3494,4307.0,4638.0,846.0,697.0,자체 최저고도 관측소,정상,2024-2025
12330,29200,전남광주,광산구,2024,전남광주|광주광역시,True,자체+광역,True,194660.0,12940.0,0.0,207600.0,194660.0,204045.99150810757,9385.991508107538,0.0,0.0623314065510597,5,207600.0,0.7369459459459461,0.8768468468468464,False,4080.000000000001,1.0,0.963054054054054,False,False,False,False,False,False,,0.0,,0.0,False,708,광산,AWS,29.91,전남광주통합특별시 광산구 용곡동,0.0,17400,4379.0,0.9916,0.071,4463.0,0.5094,822.0,0.3724,4265.0,4660.0,955.0,689.0,자체 지역명 대표 관측소,정상,2024-2025
12710,46710,전남광주,담양군,2024,전남광주|담양군,False,자체+광역,False,-1333.0,2976.0,0.0,2976.0,0.0,867.5692298345236,867.5692298345236,0.0,1.0,3,1643.0,1.1252,0.0,False,4080.000000000001,0.3057225814603457,0.0,True,True,False,False,True,False,,0.0,,0.0,False,706,담양,AWS,44.67,전남광주통합특별시 담양군 담양읍 천변리,0.0,17384,4256.0,0.9638,0.0148,4389.0,0.501,956.0,0.4331,4133.0,4645.0,1134.0,778.0,자체 지역명 대표 관측소,정상,2024-2025
12720,46720,전남광주,곡성군,2024,전남광주|곡성군,False,자체+광역,False,-1241.0,7092.0,0.0,7092.0,0.0,1087.34490401271,1087.34490401271,0.0,1.0,5,5851.0,1.223777777777778,0.0,False,4080.000000000001,0.562192457730301,0.3935347204112107,False,True,True,False,True,False,,0.0,,0.0,False,768,곡성,AWS,100.48,전남광주통합특별시 곡성군 곡성읍 학정리,0.0,17271,4402.0,0.9968,0.1426,4523.0,0.5164,780.0,0.3534,4390.0,4656.0,841.0,719.0,자체 지역명 대표 관측소,정상,2024-2025
12730,46730,전남광주,구례군,2024,전남광주|구례군,False,자체,False,-1043.0,0.0,0.0,0.0,0.0,0.0,0.0,0.0,,0,-1043.0,1.093125,0.0,False,4080.000000000001,0.0,0.0,True,True,False,True,True,False,,0.0,,0.0,False,709,구례,AWS,27.0,전남광주통합특별시 구례군 마산면 사도리,0.0,17518,4411.0,0.9989,0.1206,4310.0,0.492,941.0,0.4261,4126.0,4495.0,1026.0,856.0,자체 지역명 대표 관측소,정상,2024-2025
12740,46770,전남광주,고흥군,2024,전남광주|고흥군,False,자체+광역,False,9668.0,18704.0,0.0,28372.0,9668.0,14753.691086527437,5085.691086527436,0.0,0.6592415057098547,3,28372.0,0.5179668049792531,1.0,False,4080.000000000001,1.0,1.0,False,False,False,False,True,False,,0.0,,0.0,False,262,고흥,ASOS,51.91,전남광주통합특별시 고흥군 고흥읍 행정리,0.0,16800,4416.0,1.0,0.0,4139.0,0.4725,786.0,0.3558,3757.0,4521.0,844.0,727.0,자체 지역명 대표 관측소,정상,2024-2025
12750,46780,전남광주,보성군,2024,전남광주|보성군,False,자체+광역,False,-1028.0,18704.0,0.0,18704.0,0.0,1596.6338606846136,1596.6338606846136,0.0,1.0,3,17676.0,1.1102666666666667,0.0,False,4080.000000000001,0.959928816536132,0.6719501715752924,False,True,True,False,True,False,,0.0,,2760.0,False,732,보성,AWS,145.53,전남광주통합특별시 보성군 보성읍 옥평리,0.0,17457,4413.0,0.9993,0.0954,4598.0,0.5249,507.0,0.2296,4437.0,4759.0,645.0,369.0,자체 지역명 대표 관측소,정상,2024-2025
12760,46790,전남광주,화순군,2024,전남광주|화순군,False,자체+광역,True,73.0,12940.0,0.0,13013.0,73.0,832.457127880923,759.457127880923,0.0,0.994390225159456,5,13013.0,0.9938655462184874,0.0204481792717085,False,4080.000000000001,0.7995336757869943,0.5658080268324085,False,True,True,False,True,False,,0.0,,0.0,False,741,화순,AWS,94.82,전남광주통합특별시 화순군 화순읍 삼천리,0.0,17532,4406.0,0.9977,0.0,4497.0,0.5133,615.0,0.2785,4355.0,4638.0,617.0,613.0,자체 지역명 대표 관측소,정상,2024-2025
12770,46800,전남광주,장흥군,2024,전남광주|장흥군,False,광역,False,,12794.0,0.0,12794.0,0.0,768.5047402818066,768.5047402818066,0.0,1.0,10,12794.0,,0.5,True,4080.000000000001,0.7923368128976626,0.7046357690283638,False,True,True,False,True,True,영산강3차,0.0,,0.0,False,260,장흥,ASOS,43.99,전남광주통합특별시 장흥군 장흥읍 축내리,0.0,16787,4414.0,0.9995,0.0,4167.0,0.4757,851.0,0.3852,3800.0,4534.0,918.0,783.0,자체 지역명 대표 관측소,정상,2024-2025
12780,46810,전남광주,강진군,2024,전남광주|강진군,False,자체+광역,False,58.0,12794.0,0.0,12852.0,58.0,431.045995189421,373.045995189421,0.0,0.9954870837223778,10,12852.0,0.989568345323741,0.0347721822541965,False,4080.000000000001,0.794251884074443,0.566407973528369,False,True,True,False,True,True,영산강3차,0.0,,0.0,False,259,강진군,ASOS,16.19,전남광주통합특별시 강진군 군동면 호계리,0.0,16658,4396.0,0.9955,0.0627,4039.0,0.4611,956.0,0.4331,3621.0,4458.0,1010.0,903.0,자체 지역명 대표 관측소,정상,2024-2025
12790,46820,전남광주,해남군,2024,전남광주|해남군,False,자체+광역,False,3733.0,12794.0,0.0,16527.0,3733.0,4886.813740517863,1153.8137405178632,0.0,0.7741271858171477,10,16527.0,0.6606363636363636,1.0,False,4080.000000000001,0.9038790436427993,0.9327153305499594,False,True,True,False,True,True,영산강3차,0.0,,1500.0,False,261,해남,ASOS,16.36,전남광주통합특별시 해남군 해남읍 남천리,0.0,16788,4416.0,1.0,0.0,4083.0,0.4661,930.0,0.421,3700.0,4466.0,973.0,886.0,자체 지역명 대표 관측소,정상,2024-2025
12800,46830,전남광주,영암군,2024,전남광주|영암군,False,자체+광역,False,-2273.0,12794.0,0.0,12794.0,0.0,2456.757487940073,2456.757487940073,0.0,1.0,10,10521.0,1.1024615384615384,0.0,False,4080.000000000001,0.7923368128976626,0.5546357690283638,False,True,True,False,True,True,영산강3차,32084.0,K-water 대불,0.0,False,731,영암,AWS,4.58,전남광주통합특별시 영암군 영암읍 망호리,0.0,17387,4343.0,0.9835,0.0114,4371.0,0.4989,869.0,0.3937,4189.0,4552.0,923.0,816.0,자체 지역명 대표 관측소,정상,2024-2025
12810,46840,전남광주,무안군,2024,전남광주|무안군,False,광역,False,,12794.0,0.0,12794.0,0.0,2057.988922964836,2057.988922964836,0.0,1.0,10,12794.0,,0.5,True,4080.000000000001,0.7923368128976626,0.7046357690283638,False,True,True,False,True,True,영산강3차,0.0,,0.0,False,699,무안,AWS,37.85,전남광주통합특별시 무안군 무안읍 교촌리,0.0,17438,4313.0,0.9767,0.0015,4442.0,0.5071,858.0,0.3885,4278.0,4606.0,908.0,808.0,자체 지역명 대표 관측소,정상,2024-2025
12820,46860,전남광주,함평군,2024,전남광주|함평군,False,자체+광역,False,-9139.0,28710.0,0.0,28710.0,0.0,1216.3543577909434,1216.3543577909434,0.0,1.0,10,19571.0,1.06,0.0,False,4080.000000000001,1.0,0.7,False,True,True,False,True,False,,0.0,,0.0,False,754,함평,AWS,10.42,전남광주통합특별시 함평군 함평읍 기각리,0.0,17462,4346.0,0.9841,0.0076,4502.0,0.5139,749.0,0.339,4345.0,4658.0,771.0,726.0,자체 지역명 대표 관측소,정상,2024-2025
12830,46870,전남광주,영광군,2024,전남광주|영광군,False,자체+광역,False,-2886.0,12940.0,0.0,12940.0,0.0,475.4762097000946,475.4762097000946,0.0,1.0,5,10054.0,1.188013029315961,0.0,False,4080.000000000001,0.7971450182119086,0.558001512748336,False,True,True,False,True,False,,0.0,,0.0,False,252,영광군,ASOS,37.2,전남광주통합특별시 영광군 군서면 만곡리,0.0,16615,4404.0,0.9973,0.0,4325.0,0.4937,729.0,0.3301,4015.0,4635.0,808.0,650.0,자체 지역명 대표 관측소,정상,2024-2025
12840,46880,전남광주,장성군,2024,전남광주|장성군,False,자체+광역,False,-716.0,2976.0,0.0,2976.0,0.0,1486.1806019089486,1486.1806019089486,0.0,1.0,3,2260.0,1.1432,0.0,False,4080.000000000001,0.3057225814603457,0.0,True,True,False,False,True,False,,0.0,,0.0,False,730,장성,AWS,43.95,전남광주통합특별시 장성군 황룡면 와룡리,0.0,17537,4416.0,1.0,0.0019,4496.0,0.5132,773.0,0.3503,4340.0,4652.0,805.0,742.0,자체 지역명 대표 관측소,정상,2024-2025
12850,46890,전남광주,완도군,2024,전남광주|완도군,False,자체+광역,False,-3107.0,12794.0,0.0,12794.0,0.0,309.61062862019344,309.61062862019344,0.0,1.0,10,9687.0,0.9643318430203676,0.1188938565987751,False,4080.000000000001,0.7923368128976626,0.5903039260079963,False,True,True,False,True,True,영산강3차,0.0,,4100.0,False,170,완도,ASOS,35.37,전남광주통합특별시 완도군 군외면 불목리,0.0,16657,4413.0,0.9993,0.0,4010.0,0.4578,878.0,0.3976,3585.0,4436.0,893.0,863.0,자체 지역명 대표 관측소,정상,2024-2025
12860,46900,전남광주,진도군,2024,전남광주|진도군,False,자체+광역,False,-5470.0,12794.0,0.0,12794.0,0.0,495.3019764350283,495.3019764350283,0.0,1.0,10,7324.0,0.8474970896391153,0.5083430345362824,False,4080.000000000001,0.7923368128976626,0.7071386793892485,False,True,True,False,True,True,영산강3차,0.0,,0.0,False,268,진도군,ASOS,9.82,전남광주통합특별시 진도군 진도읍 남동리,0.0,16800,4416.0,1.0,0.1028,4158.0,0.4747,862.0,0.3904,3764.0,4552.0,875.0,849.0,자체 지역명 대표 관측소,정상,2024-2025
12870,46910,전남광주,신안군,2024,전남광주|신안군,False,자체+광역,False,756.0,12794.0,0.0,13550.0,756.0,1120.8212444094167,364.8212444094168,0.0,0.9442066420664208,10,13550.0,0.917077625570776,0.2764079147640796,False,4080.000000000001,0.8167976969722568,0.6546807623098037,False,True,True,False,True,True,영산강3차,0.0,,2550.0,False,716,하의도,AWS,2.58,전남광주통합특별시 신안군 하의면 후광리,0.0,17538,4415.0,0.9998,0.0,4300.0,0.4909,762.0,0.3451,4073.0,4528.0,794.0,730.0,자체 최저고도 관측소,정상,2024-2025
26110,,부산,중구,2024,부산|부산,True,자체,False,344439.0,0.0,0.0,344439.0,344439.0,224305.6666666667,0.0,0.0,0.0,0,344439.0,0.7773503555268261,0.7421654815772465,False,4080.000000000001,1.0,0.922649644473174,False,False,False,False,False,False,,261100.0,덕산,0.0,False,159,부산,ASOS,69.56,부산광역시 중구 대청동1가,0.0,16798,4414.0,0.9995,0.0,4099.0,0.4679,669.0,0.3028,3699.0,4498.0,691.0,646.0,자체 최저고도 관측소,정상,2024-2025
26140,,부산,서구,2024,부산|부산,True,자체,False,344439.0,0.0,0.0,344439.0,344439.0,224305.6666666667,0.0,0.0,0.0,0,344439.0,0.7773503555268261,0.7421654815772465,False,4080.000000000001,1.0,0.922649644473174,False,False,False,False,False,False,,261100.0,덕산,0.0,True,904,사상,AWS,0.73,부산광역시 사상구 삼락동,0.0,17537,4416.0,1.0,0.0002,4276.0,0.4882,821.0,0.3718,4068.0,4484.0,834.0,808.0,자체 관측소 없음 -> 상위 시 최저고도 관측소,정상,2024-2025
26170,,부산,동구,2024,부산|부산,True,자체,False,344439.0,0.0,0.0,344439.0,344439.0,224305.6666666667,0.0,0.0,0.0,0,344439.0,0.7773503555268261,0.7421654815772465,False,4080.000000000001,1.0,0.922649644473174,False,False,False,False,False,False,,261100.0,덕산,0.0,True,904,사상,AWS,0.73,부산광역시 사상구 삼락동,0.0,17537,4416.0,1.0,0.0002,4276.0,0.4882,821.0,0.3718,4068.0,4484.0,834.0,808.0,자체 관측소 없음 -> 상위 시 최저고도 관측소,정상,2024-2025
26200,,부산,영도구,2024,부산|부산,True,자체,False,344439.0,0.0,0.0,344439.0,344439.0,224305.6666666667,0.0,0.0,0.0,0,344439.0,0.7773503555268261,0.7421654815772465,False,4080.000000000001,1.0,0.922649644473174,False,False,False,False,False,False,,261100.0,덕산,0.0,False,910,영도,AWS,138.96,부산광역시 영도구 동삼동,0.0,17412,4413.0,0.9993,0.0151,4324.0,0.4936,597.0,0.2706,4085.0,4563.0,659.0,536.0,자체 지역명 대표 관측소,정상,2024-2025
26230,,부산,부산진구,2024,부산|부산,True,자체,False,344439.0,0.0,0.0,344439.0,344439.0,224305.6666666667,0.0,0.0,0.0,0,344439.0,0.7773503555268261,0.7421654815772465,False,4080.000000000001,1.0,0.922649644473174,False,False,False,False,False,False,,261100.0,덕산,0.0,False,938,부산진,AWS,114.38,부산광역시 부산진구 개금동,0.0,17414,4416.0,1.0,0.0,4516.0,0.5155,558.0,0.2529,4362.0,4670.0,589.0,528.0,자체 지역명 대표 관측소,정상,2024-2025
26260,,부산,동래구,2024,부산|부산,True,자체,False,344439.0,0.0,0.0,344439.0,344439.0,224305.6666666667,0.0,0.0,0.0,0,344439.0,0.7773503555268261,0.7421654815772465,False,4080.000000000001,1.0,0.922649644473174,False,False,False,False,False,False,,261100.0,덕산,0.0,False,940,동래,AWS,70.07,부산광역시 동래구 복천동,0.0,17521,4411.0,0.9989,0.0,4494.0,0.513,472.0,0.2139,4331.0,4657.0,499.0,446.0,자체 지역명 대표 관측소,정상,2024-2025
26290,,부산,남구,2024,부산|부산,True,자체,False,344439.0,0.0,0.0,344439.0,344439.0,224305.6666666667,0.0,0.0,0.0,0,344439.0,0.7773503555268261,0.7421654815772465,False,4080.000000000001,1.0,0.922649644473174,False,False,False,False,False,False,,261100.0,덕산,0.0,False,942,부산남구,AWS,124.26,부산광역시 남구 감만동,0.0,17377,4398.0,0.9959,0.0052,4411.0,0.5036,601.0,0.2722,4175.0,4648.0,667.0,535.0,자체 지역명 대표 관측소,정상,2024-2025
26320,,부산,북구,2024,부산|부산,True,자체,False,344439.0,0.0,0.0,344439.0,344439.0,224305.6666666667,0.0,0.0,0.0,0,344439.0,0.7773503555268261,0.7421654815772465,False,4080.000000000001,1.0,0.922649644473174,False,False,False,False,False,False,,261100.0,덕산,0.0,False,941,북구,AWS,6.94,부산광역시 북구 덕천동,0.0,17533,4414.0,0.9995,0.0,4397.0,0.502,715.0,0.3238,4200.0,4595.0,737.0,692.0,자체 지역명 대표 관측소,정상,2024-2025
26350,,부산,해운대구,2024,부산|부산,True,자체,False,344439.0,0.0,0.0,344439.0,344439.0,224305.6666666667,0.0,0.0,0.0,0,344439.0,0.7773503555268261,0.7421654815772465,False,4080.000000000001,1.0,0.922649644473174,False,False,False,False,False,False,,261100.0,덕산,0.0,False,937,해운대,AWS,81.87,부산광역시 해운대구 우동,0.1944224781243562,17374,4416.0,1.0,0.0284,4276.0,0.4882,742.0,0.3358,4062.0,4491.0,686.0,797.0,자체 지역명 대표 관측소,정상,2024-2025
26380,,부산,사하구,2024,부산|부산,True,자체,False,344439.0,0.0,0.0,344439.0,344439.0,224305.6666666667,0.0,0.0,0.0,0,344439.0,0.7773503555268261,0.7421654815772465,False,4080.000000000001,1.0,0.922649644473174,False,False,False,False,False,False,,261100.0,덕산,0.0,False,950,사하,AWS,167.95,부산광역시 사하구 신평동,0.0110999999995797,17231,4284.0,0.9701,0.0208,4334.0,0.4947,614.0,0.2782,4155.0,4513.0,596.0,633.0,자체 지역명 대표 관측소,정상,2024-2025
26410,,부산,금정구,2024,부산|부산,True,자체,False,344439.0,0.0,0.0,344439.0,344439.0,224305.6666666667,0.0,0.0,0.0,0,344439.0,0.7773503555268261,0.7421654815772465,False,4080.000000000001,1.0,0.922649644473174,False,False,False,False,False,False,,261100.0,덕산,0.0,False,939,금정구,AWS,49.26,부산광역시 금정구 두구동,0.0,17490,4362.0,0.9878,0.013,4568.0,0.5214,335.0,0.1518,4360.0,4775.0,307.0,364.0,자체 지역명 대표 관측소,정상,2024-2025
26440,,부산,강서구,2024,부산|부산,True,자체,False,344439.0,0.0,0.0,344439.0,344439.0,224305.6666666667,0.0,0.0,0.0,0,344439.0,0.7773503555268261,0.7421654815772465,False,4080.000000000001,1.0,0.922649644473174,False,False,False,False,False,False,,261100.0,덕산,0.0,False,296,북부산,ASOS,3.0,부산광역시 강서구 대저1동,0.0,16794,4416.0,1.0,0.0,4168.0,0.4758,893.0,0.4044,3848.0,4488.0,1012.0,774.0,자체 최저고도 관측소,정상,2024-2025
26470,,부산,연제구,2024,부산|부산,True,자체,False,344439.0,0.0,0.0,344439.0,344439.0,224305.6666666667,0.0,0.0,0.0,0,344439.0,0.7773503555268261,0.7421654815772465,False,4080.000000000001,1.0,0.922649644473174,False,False,False,False,False,False,,261100.0,덕산,0.0,True,904,사상,AWS,0.73,부산광역시 사상구 삼락동,0.0,17537,4416.0,1.0,0.0002,4276.0,0.4882,821.0,0.3718,4068.0,4484.0,834.0,808.0,자체 관측소 없음 -> 상위 시 최저고도 관측소,정상,2024-2025
26500,,부산,수영구,2024,부산|부산,True,자체,False,344439.0,0.0,0.0,344439.0,344439.0,224305.6666666667,0.0,0.0,0.0,0,344439.0,0.7773503555268261,0.7421654815772465,False,4080.000000000001,1.0,0.922649644473174,False,False,False,False,False,False,,261100.0,덕산,0.0,True,904,사상,AWS,0.73,부산광역시 사상구 삼락동,0.0,17537,4416.0,1.0,0.0002,4276.0,0.4882,821.0,0.3718,4068.0,4484.0,834.0,808.0,자체 관측소 없음 -> 상위 시 최저고도 관측소,정상,2024-2025
26530,,부산,사상구,2024,부산|부산,True,자체,False,344439.0,0.0,0.0,344439.0,344439.0,224305.6666666667,0.0,0.0,0.0,0,344439.0,0.7773503555268261,0.7421654815772465,False,4080.000000000001,1.0,0.922649644473174,False,False,False,False,False,False,,261100.0,덕산,0.0,False,904,사상,AWS,0.73,부산광역시 사상구 삼락동,0.0,17537,4416.0,1.0,0.0002,4276.0,0.4882,821.0,0.3718,4068.0,4484.0,834.0,808.0,자체 지역명 대표 관측소,정상,2024-2025
26710,,부산,기장군,2024,부산|부산,True,자체,False,344439.0,0.0,0.0,344439.0,344439.0,224305.6666666667,0.0,0.0,0.0,0,344439.0,0.7773503555268261,0.7421654815772465,False,4080.000000000001,1.0,0.922649644473174,False,False,False,False,False,False,,261100.0,덕산,0.0,False,923,기장,AWS,65.99,부산광역시 기장군 장안읍 길천리,0.0,17531,4416.0,1.0,0.0224,4300.0,0.4909,696.0,0.3154,4072.0,4528.0,724.0,669.0,자체 지역명 대표 관측소,정상,2024-2025
27110,,대구,중구,2024,대구|대구,True,자체,True,445974.0,0.0,0.0,445974.0,445974.0,233751.0,0.0,0.0,0.0,0,445974.0,0.6707464008859357,1.0,False,4080.000000000001,1.0,1.0,False,False,False,False,False,True,금호강1차,60953.0,"죽곡, K-water 고령(공업)",2800.0,True,828,달성,AWS,24.93,대구광역시 달성군 다사읍 문산리,0.0,17476,4361.0,0.9875,0.2579,4288.0,0.4896,986.0,0.4464,4180.0,4397.0,916.0,1056.0,자체 관측소 없음 -> 상위 시 최저고도 관측소,정상,2024-2025
27140,,대구,동구,2024,대구|대구,True,자체,True,445974.0,0.0,0.0,445974.0,445974.0,233751.0,0.0,0.0,0.0,0,445974.0,0.6707464008859357,1.0,False,4080.000000000001,1.0,1.0,False,False,False,False,False,True,금호강1차,60953.0,"죽곡, K-water 고령(공업)",2800.0,False,143,대구,ASOS,54.27,대구광역시 동구 효목동,0.0,16800,4416.0,1.0,0.0001,4465.0,0.5097,534.0,0.2421,4162.0,4768.0,572.0,497.0,자체 최저고도 관측소,정상,2024-2025
27170,,대구,서구,2024,대구|대구,True,자체,True,445974.0,0.0,0.0,445974.0,445974.0,233751.0,0.0,0.0,0.0,0,445974.0,0.6707464008859357,1.0,False,4080.000000000001,1.0,1.0,False,False,False,False,False,True,금호강1차,60953.0,"죽곡, K-water 고령(공업)",2800.0,False,846,대구서구,AWS,76.37,대구광역시 서구 중리동,0.0,17538,4416.0,1.0,0.0,4643.0,0.5301,609.0,0.276,4538.0,4749.0,643.0,576.0,자체 지역명 대표 관측소,정상,2024-2025
27200,,대구,남구,2024,대구|대구,True,자체,True,445974.0,0.0,0.0,445974.0,445974.0,233751.0,0.0,0.0,0.0,0,445974.0,0.6707464008859357,1.0,False,4080.000000000001,1.0,1.0,False,False,False,False,False,True,금호강1차,60953.0,"죽곡, K-water 고령(공업)",2800.0,True,828,달성,AWS,24.93,대구광역시 달성군 다사읍 문산리,0.0,17476,4361.0,0.9875,0.2579,4288.0,0.4896,986.0,0.4464,4180.0,4397.0,916.0,1056.0,자체 관측소 없음 -> 상위 시 최저고도 관측소,정상,2024-2025
27230,,대구,북구,2024,대구|대구,True,자체,True,445974.0,0.0,0.0,445974.0,445974.0,233751.0,0.0,0.0,0.0,0,445974.0,0.6707464008859357,1.0,False,4080.000000000001,1.0,1.0,False,False,False,False,False,True,금호강1차,60953.0,"죽곡, K-water 고령(공업)",2800.0,False,845,대구북구,AWS,30.18,대구광역시 북구 서변동,0.0,17536,4414.0,0.9995,0.0439,4745.0,0.5416,575.0,0.2602,4809.0,4681.0,327.0,822.0,자체 지역명 대표 관측소,정상,2024-2025
27260,,대구,수성구,2024,대구|대구,True,자체,True,445974.0,0.0,0.0,445974.0,445974.0,233751.0,0.0,0.0,0.0,0,445974.0,0.6707464008859357,1.0,False,4080.000000000001,1.0,1.0,False,False,False,False,False,True,금호강1차,60953.0,"죽곡, K-water 고령(공업)",2800.0,True,828,달성,AWS,24.93,대구광역시 달성군 다사읍 문산리,0.0,17476,4361.0,0.9875,0.2579,4288.0,0.4896,986.0,0.4464,4180.0,4397.0,916.0,1056.0,자체 관측소 없음 -> 상위 시 최저고도 관측소,정상,2024-2025
27290,,대구,달서구,2024,대구|대구,True,자체,True,445974.0,0.0,0.0,445974.0,445974.0,233751.0,0.0,0.0,0.0,0,445974.0,0.6707464008859357,1.0,False,4080.000000000001,1.0,1.0,False,False,False,False,False,True,금호강1차,60953.0,"죽곡, K-water 고령(공업)",2800.0,True,828,달성,AWS,24.93,대구광역시 달성군 다사읍 문산리,0.0,17476,4361.0,0.9875,0.2579,4288.0,0.4896,986.0,0.4464,4180.0,4397.0,916.0,1056.0,자체 관측소 없음 -> 상위 시 최저고도 관측소,정상,2024-2025
27710,,대구,달성군,2024,대구|대구,True,자체,True,445974.0,0.0,0.0,445974.0,445974.0,233751.0,0.0,0.0,0.0,0,445974.0,0.6707464008859357,1.0,False,4080.000000000001,1.0,1.0,False,False,False,False,False,True,금호강1차,60953.0,"죽곡, K-water 고령(공업)",2800.0,False,828,달성,AWS,24.93,대구광역시 달성군 다사읍 문산리,0.0,17476,4361.0,0.9875,0.2579,4288.0,0.4896,986.0,0.4464,4180.0,4397.0,916.0,1056.0,자체 지역명 대표 관측소,정상,2024-2025
27720,47720,대구,군위군,2024,대구|대구,True,자체,True,445974.0,0.0,0.0,445974.0,445974.0,233751.0,0.0,0.0,0.0,0,445974.0,0.6707464008859357,1.0,False,4080.000000000001,1.0,1.0,False,False,False,False,False,True,금호강1차,60953.0,"죽곡, K-water 고령(공업)",2800.0,False,823,군위,AWS,81.56,대구광역시 군위군 군위읍 내량리,0.0,17470,4344.0,0.9837,0.1026,4632.0,0.5287,755.0,0.3419,4565.0,4699.0,779.0,731.0,자체 지역명 대표 관측소,정상,2024-2025
28125,,인천,제물포구,2024,인천|인천,True,자체+광역,True,712276.0,70428.0,0.0,782704.0,712276.0,739024.2373030295,26748.23730302954,0.0,0.0899803757231341,3,782704.0,0.6362375388135316,1.0,False,4080.000000000001,1.0,1.0,False,False,False,False,False,False,,0.0,,0.0,False,112,인천,ASOS,68.99,인천광역시 제물포구 전동,0.0,16800,4416.0,1.0,0.004,4612.0,0.5265,808.0,0.3662,4352.0,4873.0,788.0,829.0,자체 최저고도 관측소,정상,2024-2025
28155,,인천,영종구,2024,인천|인천,True,자체+광역,True,712276.0,70428.0,0.0,782704.0,712276.0,739024.2373030295,26748.23730302954,0.0,0.0899803757231341,3,782704.0,0.6362375388135316,1.0,False,4080.000000000001,1.0,1.0,False,False,False,False,False,False,,0.0,,0.0,False,543,영종도,AWS,25.79,인천광역시 영종구 중산동,0.0,17540,4416.0,1.0,0.0702,4802.0,0.5481,686.0,0.3109,4720.0,4884.0,665.0,708.0,자체 지역명 대표 관측소,정상,2024-2025
28177,,인천,미추홀구,2024,인천|인천,True,자체+광역,True,712276.0,70428.0,0.0,782704.0,712276.0,739024.2373030295,26748.23730302954,0.0,0.0899803757231341,3,782704.0,0.6362375388135316,1.0,False,4080.000000000001,1.0,1.0,False,False,False,False,False,False,,0.0,,0.0,True,511,경서동,AWS,7.13,인천광역시 서해구 경서동,0.0,17531,4416.0,1.0,0.0021,4814.0,0.5495,810.0,0.3666,4754.0,4874.0,810.0,809.0,자체 관측소 없음 -> 상위 시 최저고도 관측소,정상,2024-2025
28185,,인천,연수구,2024,인천|인천,True,자체+광역,True,712276.0,70428.0,0.0,782704.0,712276.0,739024.2373030295,26748.23730302954,0.0,0.0899803757231341,3,782704.0,0.6362375388135316,1.0,False,4080.000000000001,1.0,1.0,False,False,False,False,False,False,,0.0,,0.0,False,512,인천연수,AWS,8.13,인천광역시 연수구 동춘동,0.0,17272,4387.0,0.9934,0.0,4802.0,0.5482,768.0,0.3479,4729.0,4875.0,758.0,778.0,자체 지역명 대표 관측소,정상,2024-2025
28200,,인천,남동구,2024,인천|인천,True,자체+광역,True,712276.0,70428.0,0.0,782704.0,712276.0,739024.2373030295,26748.23730302954,0.0,0.0899803757231341,3,782704.0,0.6362375388135316,1.0,False,4080.000000000001,1.0,1.0,False,False,False,False,False,False,,0.0,,0.0,True,511,경서동,AWS,7.13,인천광역시 서해구 경서동,0.0,17531,4416.0,1.0,0.0021,4814.0,0.5495,810.0,0.3666,4754.0,4874.0,810.0,809.0,자체 관측소 없음 -> 상위 시 최저고도 관측소,정상,2024-2025
28237,,인천,부평구,2024,인천|인천,True,자체+광역,True,712276.0,70428.0,0.0,782704.0,712276.0,739024.2373030295,26748.23730302954,0.0,0.0899803757231341,3,782704.0,0.6362375388135316,1.0,False,4080.000000000001,1.0,1.0,False,False,False,False,False,False,,0.0,,0.0,False,649,부평,AWS,25.91,인천광역시 부평구 구산동,0.0,16958,4395.0,0.9952,0.1145,4792.0,0.547,798.0,0.3616,4705.0,4878.0,821.0,776.0,자체 지역명 대표 관측소,정상,2024-2025
28245,,인천,계양구,2024,인천|인천,True,자체+광역,True,712276.0,70428.0,0.0,782704.0,712276.0,739024.2373030295,26748.23730302954,0.0,0.0899803757231341,3,782704.0,0.6362375388135316,1.0,False,4080.000000000001,1.0,1.0,False,False,False,False,False,False,,0.0,,0.0,True,511,경서동,AWS,7.13,인천광역시 서해구 경서동,0.0,17531,4416.0,1.0,0.0021,4814.0,0.5495,810.0,0.3666,4754.0,4874.0,810.0,809.0,자체 관측소 없음 -> 상위 시 최저고도 관측소,정상,2024-2025
28275,,인천,서해구,2024,인천|인천,True,자체+광역,True,712276.0,70428.0,0.0,782704.0,712276.0,739024.2373030295,26748.23730302954,0.0,0.0899803757231341,3,782704.0,0.6362375388135316,1.0,False,4080.000000000001,1.0,1.0,False,False,False,False,False,False,,0.0,,0.0,False,511,경서동,AWS,7.13,인천광역시 서해구 경서동,0.0,17531,4416.0,1.0,0.0021,4814.0,0.5495,810.0,0.3666,4754.0,4874.0,810.0,809.0,자체 최저고도 관측소,정상,2024-2025
28290,,인천,검단구,2024,인천|인천,True,자체+광역,True,712276.0,70428.0,0.0,782704.0,712276.0,739024.2373030295,26748.23730302954,0.0,0.0899803757231341,3,782704.0,0.6362375388135316,1.0,False,4080.000000000001,1.0,1.0,False,False,False,False,False,False,,0.0,,0.0,False,570,금곡,AWS,33.72,인천광역시 검단구 금곡동,0.0,17506,4416.0,1.0,0.0046,4904.0,0.5598,586.0,0.2654,4863.0,4945.0,590.0,582.0,자체 최저고도 관측소,정상,2024-2025
28710,,인천,강화군,2024,인천|인천,True,자체+광역,True,712276.0,70428.0,0.0,782704.0,712276.0,739024.2373030295,26748.23730302954,0.0,0.0899803757231341,3,782704.0,0.6362375388135316,1.0,False,4080.000000000001,1.0,1.0,False,False,False,False,False,False,,0.0,,0.0,False,201,강화,ASOS,47.84,인천광역시 강화군 불은면 삼성리,0.0,16788,4416.0,1.0,0.0407,4766.0,0.544,520.0,0.2353,4564.0,4967.0,536.0,503.0,자체 지역명 대표 관측소,정상,2024-2025
28720,,인천,옹진군,2024,인천|인천,True,자체+광역,True,712276.0,70428.0,0.0,782704.0,712276.0,739024.2373030295,26748.23730302954,0.0,0.0899803757231341,3,782704.0,0.6362375388135316,1.0,False,4080.000000000001,1.0,1.0,False,False,False,False,False,False,,0.0,,0.0,False,501,대연평,AWS,7.63,인천광역시 옹진군 연평면 연평리,0.0,17544,4416.0,1.0,0.0123,4883.0,0.5575,649.0,0.2939,4770.0,4997.0,724.0,574.0,자체 최저고도 관측소,정상,2024-2025
30110,,대전,동구,2024,대전|대전,True,자체,False,482620.0,0.0,0.0,482620.0,482620.0,307040.0,0.0,0.0,0.0,0,482620.0,0.5978166666666667,1.0,False,4080.000000000001,1.0,1.0,False,False,False,False,False,True,대청댐계통,46050.0,회덕,0.0,False,643,세천,AWS,91.34,대전광역시 동구 세천동,0.0,17522,4414.0,0.9995,0.0159,4782.0,0.5458,571.0,0.2585,4717.0,4846.0,599.0,543.0,자체 최저고도 관측소,정상,2024-2025
30140,,대전,중구,2024,대전|대전,True,자체,False,482620.0,0.0,0.0,482620.0,482620.0,307040.0,0.0,0.0,0.0,0,482620.0,0.5978166666666667,1.0,False,4080.000000000001,1.0,1.0,False,False,False,False,False,True,대청댐계통,46050.0,회덕,0.0,False,642,오월드,AWS,148.61,대전광역시 중구 사정동,0.0,17496,4416.0,1.0,0.0,4821.0,0.5503,493.0,0.2233,4805.0,4836.0,516.0,470.0,자체 최저고도 관측소,정상,2024-2025
30170,,대전,서구,2024,대전|대전,True,자체,False,482620.0,0.0,0.0,482620.0,482620.0,307040.0,0.0,0.0,0.0,0,482620.0,0.5978166666666667,1.0,False,4080.000000000001,1.0,1.0,False,False,False,False,False,True,대청댐계통,46050.0,회덕,0.0,False,378,정림,AWS,71.19,대전광역시 서구 정림동,0.0,17543,4416.0,1.0,0.0007,4693.0,0.5357,640.0,0.2899,4622.0,4763.0,687.0,593.0,자체 최저고도 관측소,정상,2024-2025
30200,,대전,유성구,2024,대전|대전,True,자체,False,482620.0,0.0,0.0,482620.0,482620.0,307040.0,0.0,0.0,0.0,0,482620.0,0.5978166666666667,1.0,False,4080.000000000001,1.0,1.0,False,False,False,False,False,True,대청댐계통,46050.0,회덕,0.0,False,133,대전,ASOS,67.79,대전광역시 유성구 구성동,0.0,16798,4416.0,1.0,0.0,4526.0,0.5166,604.0,0.2738,4295.0,4756.0,591.0,618.0,자체 최저고도 관측소,정상,2024-2025
30230,,대전,대덕구,2024,대전|대전,True,자체,False,482620.0,0.0,0.0,482620.0,482620.0,307040.0,0.0,0.0,0.0,0,482620.0,0.5978166666666667,1.0,False,4080.000000000001,1.0,1.0,False,False,False,False,False,True,대청댐계통,46050.0,회덕,0.0,False,648,장동,AWS,99.9,대전광역시 대덕구 장동,0.0,17470,4376.0,0.9909,0.0218,4760.0,0.5433,478.0,0.2164,4716.0,4803.0,398.0,558.0,자체 최저고도 관측소,정상,2024-2025
31110,,울산,중구,2024,울산|울산,True,자체,True,138565.0,0.0,0.0,138565.0,138565.0,138565.0,0.0,0.0,0.0,0,138565.0,0.7480636363636364,0.8397878787878787,False,4080.000000000001,1.0,0.9519363636363636,False,False,False,False,False,False,,39925.0,K-water 온산,0.0,False,152,울산,ASOS,81.14,울산광역시 중구 약사동,0.0,16798,4416.0,1.0,0.0,4422.0,0.5047,396.0,0.1793,4084.0,4759.0,406.0,386.0,자체 최저고도 관측소,정상,2024-2025
31140,,울산,남구,2024,울산|울산,True,자체,True,138565.0,0.0,0.0,138565.0,138565.0,138565.0,0.0,0.0,0.0,0,138565.0,0.7480636363636364,0.8397878787878787,False,4080.000000000001,1.0,0.9519363636363636,False,False,False,False,False,False,,39925.0,K-water 온산,0.0,False,898,장생포,AWS,1.57,울산광역시 남구 매암동,0.0,17519,4416.0,1.0,0.0415,4420.0,0.5046,398.0,0.1805,4361.0,4480.0,263.0,534.0,자체 최저고도 관측소,정상,2024-2025
31170,,울산,동구,2024,울산|울산,True,자체,True,138565.0,0.0,0.0,138565.0,138565.0,138565.0,0.0,0.0,0.0,0,138565.0,0.7480636363636364,0.8397878787878787,False,4080.000000000001,1.0,0.9519363636363636,False,False,False,False,False,False,,39925.0,K-water 온산,0.0,False,901,울기,AWS,67.64,울산광역시 동구 방어동,0.0,17531,4413.0,0.9993,0.0104,4396.0,0.5018,286.0,0.1297,4131.0,4661.0,241.0,332.0,자체 최저고도 관측소,정상,2024-2025
31200,,울산,북구,2024,울산|울산,True,자체,True,138565.0,0.0,0.0,138565.0,138565.0,138565.0,0.0,0.0,0.0,0,138565.0,0.7480636363636364,0.8397878787878787,False,4080.000000000001,1.0,0.9519363636363636,False,False,False,False,False,False,,39925.0,K-water 온산,0.0,False,949,정자,AWS,8.0,울산광역시 북구 산하동,0.0,16960,4233.0,0.9586,0.0,4508.0,0.5146,179.0,0.0812,4371.0,4645.0,190.0,169.0,자체 최저고도 관측소,정상,2024-2025
31710,,울산,울주군,2024,울산|울산,True,자체,True,138565.0,0.0,0.0,138565.0,138565.0,138565.0,0.0,0.0,0.0,0,138565.0,0.7480636363636364,0.8397878787878787,False,4080.000000000001,1.0,0.9519363636363636,False,False,False,False,False,False,,39925.0,K-water 온산,0.0,False,954,온산,AWS,53.92,울산광역시 울주군 온산읍 이진리,0.0,17521,4403.0,0.9971,0.0,4273.0,0.4878,680.0,0.3078,4039.0,4507.0,679.0,681.0,자체 최저고도 관측소,정상,2024-2025
36110,,세종,세종특별자치시,2024,세종|세종,False,광역+정수수입,False,,70246.0,302900.0,373146.0,0.0,134795.91351681395,7475.91351681395,127320.0,1.0,3,373146.0,,0.5,True,4080.000000000001,1.0,0.85,False,True,True,False,False,True,"대청댐계통, 금강북부3차",10192.0,K-water 청주(공업),0.0,False,496,세종금남,AWS,27.23,세종특별자치시 금남면 용포리,0.0,17469,4405.0,0.9975,0.1446,4525.0,0.5165,874.0,0.396,4393.0,4657.0,1005.0,744.0,자체 최저고도 관측소,정상,2024-2025
41111,,경기,수원시 장안구,2024,경기|수원시,True,자체+광역,True,10613.0,315692.0,0.0,326305.0,10613.0,76737.5029424136,66124.5029424136,0.0,0.9674752149062992,7,326305.0,0.89387,0.3537666666666665,False,4080.000000000001,1.0,0.8061299999999999,False,False,False,False,False,False,,0.0,,0.0,True,119,수원,ASOS,39.81,경기도 수원시권선구 고색동,0.0,16723,4416.0,1.0,0.0004,4659.0,0.5318,547.0,0.2477,4429.0,4889.0,619.0,475.0,자체 관측소 없음 -> 상위 시 지역명 대표 관측소,정상,2024-2025
41113,,경기,수원시 권선구,2024,경기|수원시,True,자체+광역,True,10613.0,315692.0,0.0,326305.0,10613.0,76737.5029424136,66124.5029424136,0.0,0.9674752149062992,7,326305.0,0.89387,0.3537666666666665,False,4080.000000000001,1.0,0.8061299999999999,False,False,False,False,False,False,,0.0,,0.0,False,119,수원,ASOS,39.81,경기도 수원시권선구 고색동,0.0,16723,4416.0,1.0,0.0004,4659.0,0.5318,547.0,0.2477,4429.0,4889.0,619.0,475.0,자체 지역명 대표 관측소,정상,2024-2025
41115,,경기,수원시 팔달구,2024,경기|수원시,True,자체+광역,True,10613.0,315692.0,0.0,326305.0,10613.0,76737.5029424136,66124.5029424136,0.0,0.9674752149062992,7,326305.0,0.89387,0.3537666666666665,False,4080.000000000001,1.0,0.8061299999999999,False,False,False,False,False,False,,0.0,,0.0,True,119,수원,ASOS,39.81,경기도 수원시권선구 고색동,0.0,16723,4416.0,1.0,0.0004,4659.0,0.5318,547.0,0.2477,4429.0,4889.0,619.0,475.0,자체 관측소 없음 -> 상위 시 지역명 대표 관측소,정상,2024-2025
41117,,경기,수원시 영통구,2024,경기|수원시,True,자체+광역,True,10613.0,315692.0,0.0,326305.0,10613.0,76737.5029424136,66124.5029424136,0.0,0.9674752149062992,7,326305.0,0.89387,0.3537666666666665,False,4080.000000000001,1.0,0.8061299999999999,False,False,False,False,False,False,,0.0,,0.0,True,119,수원,ASOS,39.81,경기도 수원시권선구 고색동,0.0,16723,4416.0,1.0,0.0004,4659.0,0.5318,547.0,0.2477,4429.0,4889.0,619.0,475.0,자체 관측소 없음 -> 상위 시 지역명 대표 관측소,정상,2024-2025
41131,,경기,성남시 수정구,2024,경기|성남시,True,자체+광역,False,54026.0,178192.0,0.0,232218.0,54026.0,64850.32350401406,10824.32350401406,0.0,0.7673479230722855,7,232218.0,0.8070499999999999,0.6431666666666669,False,4080.000000000001,1.0,0.89295,False,False,False,False,False,False,,0.0,,34000.0,True,572,성남,AWS,28.65,경기도 성남시중원구 여수동,0.0,17366,4396.0,0.9955,0.0033,4803.0,0.5483,412.0,0.1867,4780.0,4826.0,442.0,383.0,자체 관측소 없음 -> 상위 시 지역명 대표 관측소,정상,2024-2025
41133,,경기,성남시 중원구,2024,경기|성남시,True,자체+광역,False,54026.0,178192.0,0.0,232218.0,54026.0,64850.32350401406,10824.32350401406,0.0,0.7673479230722855,7,232218.0,0.8070499999999999,0.6431666666666669,False,4080.000000000001,1.0,0.89295,False,False,False,False,False,False,,0.0,,34000.0,False,572,성남,AWS,28.65,경기도 성남시중원구 여수동,0.0,17366,4396.0,0.9955,0.0033,4803.0,0.5483,412.0,0.1867,4780.0,4826.0,442.0,383.0,자체 지역명 대표 관측소,정상,2024-2025
41135,,경기,성남시 분당구,2024,경기|성남시,True,자체+광역,False,54026.0,178192.0,0.0,232218.0,54026.0,64850.32350401406,10824.32350401406,0.0,0.7673479230722855,7,232218.0,0.8070499999999999,0.6431666666666669,False,4080.000000000001,1.0,0.89295,False,False,False,False,False,False,,0.0,,34000.0,False,364,분당구,AWS,55.7,경기도 성남시분당구 수내동,0.0,16818,4295.0,0.9726,0.0,4812.0,0.5493,566.0,0.2562,4744.0,4880.0,659.0,472.0,자체 지역명 대표 관측소,정상,2024-2025
41150,,경기,의정부시,2024,경기|의정부시,False,자체+광역,False,1629.0,71508.0,0.0,73137.0,1629.0,16326.096441872434,14697.096441872434,0.0,0.9777267320234628,6,73137.0,0.796375,0.6787499999999999,False,4080.000000000001,1.0,0.903625,False,True,True,False,False,False,,0.0,,0.0,False,532,의정부,AWS,89.49,경기도 의정부시 용현동,0.0,17544,4416.0,1.0,0.0,4888.0,0.558,612.0,0.2769,4847.0,4930.0,660.0,563.0,자체 지역명 대표 관측소,정상,2024-2025
41171,,경기,안양시 만안구,2024,경기|안양시,True,자체,True,61312.0,0.0,0.0,61312.0,61312.0,61312.0,0.0,0.0,0.0,0,61312.0,0.7507642276422765,0.8307859078590785,False,4080.000000000001,1.0,0.9492357723577236,False,False,False,False,False,False,,0.0,,0.0,False,377,안양만안,AWS,28.0,경기도 안양시 만안구 박달동,0.0,17527,4416.0,1.0,0.0,4917.0,0.5613,580.0,0.2629,4866.0,4968.0,654.0,507.0,자체 지역명 대표 관측소,정상,2024-2025
41173,,경기,안양시 동안구,2024,경기|안양시,True,자체,True,61312.0,0.0,0.0,61312.0,61312.0,61312.0,0.0,0.0,0.0,0,61312.0,0.7507642276422765,0.8307859078590785,False,4080.000000000001,1.0,0.9492357723577236,False,False,False,False,False,False,,0.0,,0.0,False,434,안양,AWS,77.92,경기도 안양시동안구,0.0,12915,3457.0,0.7828,0.0,4868.0,0.5557,766.0,0.3469,4458.0,5278.0,999.0,533.0,"자체 지역명 대표 관측소(기준 완화: 여름관측 78%, 이전 0.0km)",커버리지낮음+기준완화,2024-2025
41192,,경기,부천시 원미구,2024,경기|부천시,True,자체,True,172097.0,0.0,0.0,172097.0,172097.0,172097.0,0.0,0.0,0.0,0,172097.0,0.6376905263157895,1.0,False,4080.000000000001,1.0,1.0,False,False,False,False,False,False,,0.0,,0.0,False,433,부천,AWS,14.62,경기도 부천시 원미구 중동,0.0,17528,4406.0,0.9977,0.0,5092.0,0.5813,286.0,0.1295,5152.0,5032.0,116.0,456.0,자체 지역명 대표 관측소,정상,2024-2025
41194,,경기,부천시 소사구,2024,경기|부천시,True,자체,True,172097.0,0.0,0.0,172097.0,172097.0,172097.0,0.0,0.0,0.0,0,172097.0,0.6376905263157895,1.0,False,4080.000000000001,1.0,1.0,False,False,False,False,False,False,,0.0,,0.0,True,433,부천,AWS,14.62,경기도 부천시 원미구 중동,0.0,17528,4406.0,0.9977,0.0,5092.0,0.5813,286.0,0.1295,5152.0,5032.0,116.0,456.0,자체 관측소 없음 -> 상위 시 지역명 대표 관측소,정상,2024-2025
41196,,경기,부천시 오정구,2024,경기|부천시,True,자체,True,172097.0,0.0,0.0,172097.0,172097.0,172097.0,0.0,0.0,0.0,0,172097.0,0.6376905263157895,1.0,False,4080.000000000001,1.0,1.0,False,False,False,False,False,False,,0.0,,0.0,True,433,부천,AWS,14.62,경기도 부천시 원미구 중동,0.0,17528,4406.0,0.9977,0.0,5092.0,0.5813,286.0,0.1295,5152.0,5032.0,116.0,456.0,자체 관측소 없음 -> 상위 시 지역명 대표 관측소,정상,2024-2025
41210,,경기,광명시,2024,경기|광명시,False,자체+정수수입,True,118344.0,0.0,165089.0,283433.0,118344.0,200888.5,0.0,82544.5,0.5824621691898967,0,283433.0,0.4620727272727272,1.0,False,4080.000000000001,1.0,1.0,False,False,False,False,False,False,,0.0,,0.0,False,437,광명,AWS,52.69,경기도 광명시 철산동,0.0,17368,4267.0,0.9663,0.0,4721.0,0.5389,728.0,0.3295,4596.0,4846.0,773.0,683.0,자체 지역명 대표 관측소,정상,2024-2025
41220,,경기,평택시,2024,경기|평택시,False,자체+광역,False,3677.0,386120.0,0.0,389797.0,3677.0,97631.79631933592,93954.79631933592,0.0,0.9905668848144034,7,389797.0,0.7069333333333333,0.976888888888889,False,4080.000000000001,1.0,0.9930666666666668,False,True,True,False,False,False,,64942.0,K-water 아산(공업),15000.0,False,551,평택,AWS,27.14,경기도 평택시 비전동,0.0,17160,4399.0,0.9962,0.1844,4599.0,0.525,915.0,0.4145,4481.0,4716.0,919.0,911.0,자체 지역명 대표 관측소,정상,2024-2025
41250,,경기,동두천시,2024,경기|동두천시,False,자체+광역,True,8760.0,61266.0,0.0,70026.0,8760.0,10036.108225248348,1276.1082252483482,0.0,0.8749036072315997,6,70026.0,0.7810000000000001,0.7299999999999995,False,4080.000000000001,1.0,0.9189999999999998,False,False,False,False,False,False,,3190.0,동두천,0.0,False,98,동두천,ASOS,115.62,경기도 동두천시 생연동,0.0,16728,4382.0,0.9923,0.1192,4674.0,0.5336,768.0,0.348,4433.0,4916.0,835.0,702.0,자체 지역명 대표 관측소,정상,2024-2025
41271,,경기,안산시 상록구,2024,경기|안산시,True,자체+광역,True,57560.0,82786.0,0.0,140346.0,57560.0,140346.0,82786.0,0.0,0.5898707480084933,1,140346.0,0.7540170940170942,0.8199430199430195,False,4080.000000000001,1.0,0.9459829059829058,False,False,False,False,False,False,,82530.0,"안산, (통합)연성, K-water 시흥(공업)",0.0,False,545,안산,AWS,5.92,경기도 안산시상록구 사동,0.0,17318,4416.0,1.0,0.004,4824.0,0.5507,754.0,0.3415,4766.0,4883.0,798.0,710.0,자체 지역명 대표 관측소,정상,2024-2025
41273,,경기,안산시 단원구,2024,경기|안산시,True,자체+광역,True,57560.0,82786.0,0.0,140346.0,57560.0,140346.0,82786.0,0.0,0.5898707480084933,1,140346.0,0.7540170940170942,0.8199430199430195,False,4080.000000000001,1.0,0.9459829059829058,False,False,False,False,False,False,,82530.0,"안산, (통합)연성, K-water 시흥(공업)",0.0,False,514,대부도,AWS,10.0,경기도 안산시단원구 대부남동,0.0,17529,4401.0,0.9966,0.0132,4940.0,0.564,443.0,0.2008,4891.0,4990.0,500.0,387.0,자체 최저고도 관측소,정상,2024-2025
41281,,경기,고양시 덕양구,2024,경기|고양시,True,광역,False,,108046.0,0.0,108046.0,0.0,74023.90958059138,74023.90958059138,0.0,1.0,6,108046.0,,0.5,True,4080.000000000001,1.0,0.85,False,True,True,False,False,False,,0.0,,0.0,False,540,고양,AWS,44.71,경기도 고양시덕양구 동산동,0.0,17208,4414.0,0.9995,0.0015,4810.0,0.5491,645.0,0.2919,4715.0,4905.0,738.0,551.0,자체 지역명 대표 관측소,정상,2024-2025
41285,,경기,고양시 일산동구,2024,경기|고양시,True,광역,False,,108046.0,0.0,108046.0,0.0,74023.90958059138,74023.90958059138,0.0,1.0,6,108046.0,,0.5,True,4080.000000000001,1.0,0.85,False,True,True,False,False,False,,0.0,,0.0,False,589,고양고봉,AWS,59.07,경기도 고양시 일산동구 성석동,0.0,17294,4405.0,0.9975,0.0261,4935.0,0.5633,525.0,0.2376,4905.0,4964.0,563.0,486.0,자체 지역명 대표 관측소,정상,2024-2025
41287,,경기,고양시 일산서구,2024,경기|고양시,True,광역,False,,108046.0,0.0,108046.0,0.0,74023.90958059138,74023.90958059138,0.0,1.0,6,108046.0,,0.5,True,4080.000000000001,1.0,0.85,False,True,True,False,False,False,,0.0,,0.0,True,540,고양,AWS,44.71,경기도 고양시덕양구 동산동,0.0,17208,4414.0,0.9995,0.0015,4810.0,0.5491,645.0,0.2919,4715.0,4905.0,738.0,551.0,자체 관측소 없음 -> 상위 시 지역명 대표 관측소,정상,2024-2025
41290,,경기,과천시,2024,경기|과천시,False,자체,True,20232.0,0.0,0.0,20232.0,20232.0,20232.0,0.0,0.0,0.0,0,20232.0,0.59536,1.0,False,4080.000000000001,0.9961566258485576,0.99730963809399,False,False,False,False,True,False,,0.0,,0.0,False,590,과천,AWS,46.6,경기도 과천시 과천동,0.0,17518,4405.0,0.9975,0.0278,4782.0,0.5459,628.0,0.2843,4719.0,4845.0,681.0,574.0,자체 지역명 대표 관측소,정상,2024-2025
41310,,경기,구리시,2024,경기|구리시,False,자체+광역+정수수입,False,6817.0,10242.0,144876.0,161935.0,6817.0,55768.24481332598,659.2448133259853,48292.0,0.9579028622595486,3,161935.0,0.7727666666666667,0.7574444444444444,False,4080.000000000001,1.0,0.9272333333333332,False,False,False,False,False,False,,0.0,,0.0,False,569,구리,AWS,27.15,경기도 구리시 토평동,0.0,17543,4415.0,0.9998,0.0,4872.0,0.5562,445.0,0.2014,4820.0,4924.0,477.0,412.0,자체 지역명 대표 관측소,정상,2024-2025
41360,,경기,남양주시,2024,경기|남양주시,False,자체+광역+정수수입,False,16022.0,71508.0,144876.0,232406.0,16022.0,78346.85084984501,14032.85084984501,48292.0,0.9310602996480296,6,232406.0,0.7743380281690141,0.7522065727699531,False,4080.000000000001,1.0,0.925661971830986,False,False,False,False,False,False,,46200.0,K-water 와부(공업),0.0,False,541,남양주,AWS,25.36,경기도 남양주시 진건읍 배양리,0.0,17369,4416.0,1.0,0.0002,4801.0,0.5481,712.0,0.3227,4748.0,4855.0,762.0,663.0,자체 지역명 대표 관측소,정상,2024-2025
41370,,경기,오산시,2024,경기|오산시,False,광역,False,,315692.0,0.0,315692.0,0.0,13065.492332120662,13065.492332120662,0.0,1.0,7,315692.0,,0.5,True,4080.000000000001,1.0,0.85,False,True,True,False,False,False,,0.0,,0.0,False,550,오산,AWS,34.89,경기도 오산시 금암동,0.0,17333,4402.0,0.9968,0.0002,4812.0,0.5493,618.0,0.2798,4721.0,4902.0,712.0,524.0,자체 지역명 대표 관측소,정상,2024-2025
41390,,경기,시흥시,2024,경기|시흥시,False,자체+광역,True,38993.0,48856.0,0.0,87849.0,38993.0,87849.0,48856.0,0.0,0.5561360971667293,1,87849.0,0.7857527472527472,0.7141575091575092,False,4080.000000000001,1.0,0.9142472527472528,False,False,False,False,False,False,,33300.0,K-water 시흥(공업),0.0,False,565,시흥,AWS,5.77,경기도 시흥시 장곡동,0.0,17508,4416.0,1.0,0.0024,4819.0,0.5502,740.0,0.3349,4742.0,4897.0,783.0,696.0,자체 지역명 대표 관측소,정상,2024-2025
41410,,경기,군포시,2024,경기|군포시,False,자체,True,61770.0,0.0,0.0,61770.0,61770.0,61770.0,0.0,0.0,0.0,0,61770.0,0.6040384615384615,1.0,False,4080.000000000001,1.0,1.0,False,False,False,False,False,False,,0.0,,0.0,False,438,군포,AWS,84.71,경기도 군포시 금정동,0.0,17394,4330.0,0.9805,0.0,4884.0,0.5575,392.0,0.1776,4844.0,4924.0,445.0,339.0,자체 지역명 대표 관측소,정상,2024-2025
41430,,경기,의왕시,2024,경기|의왕시,False,자체,True,24324.0,0.0,0.0,24324.0,24324.0,24324.0,0.0,0.0,0.0,0,24324.0,0.6881538461538461,1.0,False,4080.000000000001,1.0,1.0,False,False,False,False,True,False,,0.0,,0.0,False,445,의왕,AWS,91.46,경기도 의왕시 고천동,0.0,15960,3726.0,0.8438,0.0313,4898.0,0.5591,457.0,0.2071,4899.0,4896.0,398.0,516.0,"자체 지역명 대표 관측소(기준 완화: 여름관측 84%, 이전 0.0km)",커버리지낮음+기준완화,2024-2025
41450,,경기,하남시,2024,경기|하남시,False,자체+정수수입,False,16608.0,0.0,740900.0,757508.0,16608.0,387058.0,0.0,370450.0,0.978075479070848,0,757508.0,0.7627428571428571,0.7908571428571431,False,4080.000000000001,1.0,0.9372571428571428,False,False,False,False,False,False,,0.0,,0.0,False,444,하남,AWS,27.68,경기도 하남시 신장동,0.0,16709,4086.0,0.9253,0.0071,4935.0,0.5633,597.0,0.2702,4932.0,4937.0,430.0,763.0,자체 지역명 대표 관측소,커버리지낮음,2024-2025
41461,,경기,용인시 처인구,2024,경기|용인시,True,자체+광역,True,-1061.0,315692.0,0.0,315692.0,0.0,46022.77369526427,46022.77369526427,0.0,1.0,7,314631.0,1.01061,0.0,False,4080.000000000001,1.0,0.7,False,True,True,False,False,False,,0.0,,0.0,False,549,용인,AWS,83.0,경기도 용인시 처인구 포곡읍 둔전리,0.0,14853,3993.0,0.9042,0.0002,4530.0,0.5171,627.0,0.2841,4836.0,4224.0,678.0,577.0,자체 지역명 대표 관측소,커버리지낮음,2024-2025
41463,,경기,용인시 기흥구,2024,경기|용인시,True,자체+광역,True,-1061.0,315692.0,0.0,315692.0,0.0,46022.77369526427,46022.77369526427,0.0,1.0,7,314631.0,1.01061,0.0,False,4080.000000000001,1.0,0.7,False,True,True,False,False,False,,0.0,,0.0,False,371,기흥구갈,AWS,101.62,경기도 용인시 기흥구 구갈동,0.0,17381,4373.0,0.9903,0.0058,4753.0,0.5426,710.0,0.3216,4681.0,4826.0,731.0,689.0,자체 지역명 대표 관측소,정상,2024-2025
41465,,경기,용인시 수지구,2024,경기|용인시,True,자체+광역,True,-1061.0,315692.0,0.0,315692.0,0.0,46022.77369526427,46022.77369526427,0.0,1.0,7,314631.0,1.01061,0.0,False,4080.000000000001,1.0,0.7,False,True,True,False,False,False,,0.0,,0.0,True,549,용인,AWS,83.0,경기도 용인시 처인구 포곡읍 둔전리,0.0,14853,3993.0,0.9042,0.0002,4530.0,0.5171,627.0,0.2841,4836.0,4224.0,678.0,577.0,자체 관측소 없음 -> 상위 시 지역명 대표 관측소,커버리지낮음,2024-2025
41480,,경기,파주시,2024,경기|파주시,False,자체+광역,True,4992.0,0.0,0.0,4992.0,4992.0,4992.0,0.0,0.0,0.0,2,4992.0,0.948,0.1733333333333335,False,4080.000000000001,0.4459838344895707,0.3641886841426995,False,False,False,False,True,False,,60550.0,K-water 파주,0.0,False,99,파주,ASOS,30.59,경기도 파주시 문산읍 운천리,0.0,16783,4411.0,0.9989,0.1037,4683.0,0.5346,729.0,0.3303,4450.0,4917.0,753.0,706.0,자체 지역명 대표 관측소,정상,2024-2025
41500,,경기,이천시,2024,경기|이천시,False,자체+광역,False,3904.0,64200.0,0.0,68104.0,3904.0,13176.328718798144,9272.328718798144,0.0,0.9426759074356866,7,68104.0,0.9349333333333332,0.216888888888889,False,4080.000000000001,1.0,0.7650666666666667,False,True,True,False,False,False,,0.0,,0.0,False,203,이천,ASOS,80.09,경기도 이천시 부발읍 신하리,0.0,16796,4414.0,0.9995,0.1345,4515.0,0.5154,792.0,0.3586,4258.0,4772.0,814.0,769.0,자체 지역명 대표 관측소,정상,2024-2025
41550,,경기,안성시,2024,경기|안성시,False,광역,False,,379892.0,0.0,379892.0,0.0,30481.119429214054,30481.119429214054,0.0,1.0,7,379892.0,,0.5,True,4080.000000000001,1.0,0.85,False,True,True,False,False,True,"남한강3차, 충주댐Ⅲ",1927.0,미양,900.0,False,516,안성,AWS,23.92,경기도 안성시 옥산동,0.0,17540,4416.0,1.0,0.0004,4697.0,0.5361,745.0,0.3372,4606.0,4787.0,756.0,733.0,자체 지역명 대표 관측소,정상,2024-2025
41570,,경기,김포시,2024,경기|김포시,False,자체,True,44800.0,0.0,0.0,44800.0,44800.0,44800.0,0.0,0.0,0.0,0,44800.0,0.7991031390134529,0.6696562032884905,False,4080.000000000001,1.0,0.9008968609865472,False,False,False,False,False,False,,0.0,,0.0,False,427,양촌,AWS,9.0,경기도 김포시 양촌읍 누산리,3.710294764570437,17088,4416.0,1.0,0.0439,4573.0,0.5221,970.0,0.4395,4374.0,4773.0,1044.0,897.0,"자체 최저고도 관측소(기준 완화: 여름관측 100%, 이전 3.7km)",기준완화,2024-2025
41591,,경기,화성시 만세구,2024,경기|화성시,True,광역,False,,386120.0,0.0,386120.0,0.0,115117.3883862071,115117.3883862071,0.0,1.0,7,386120.0,,0.5,True,4080.000000000001,1.0,0.85,False,True,True,False,False,False,,0.0,,0.0,False,571,화성,AWS,45.39,경기도 화성시 만세구 남양읍 신남리,0.0,17509,4410.0,0.9986,0.001,4778.0,0.5455,698.0,0.3159,4670.0,4887.0,752.0,643.0,자체 지역명 대표 관측소,정상,2024-2025
41593,,경기,화성시 효행구,2024,경기|화성시,True,광역,False,,386120.0,0.0,386120.0,0.0,115117.3883862071,115117.3883862071,0.0,1.0,7,386120.0,,0.5,True,4080.000000000001,1.0,0.85,False,True,True,False,False,False,,0.0,,0.0,True,571,화성,AWS,45.39,경기도 화성시 만세구 남양읍 신남리,0.0,17509,4410.0,0.9986,0.001,4778.0,0.5455,698.0,0.3159,4670.0,4887.0,752.0,643.0,자체 관측소 없음 -> 상위 시 지역명 대표 관측소,정상,2024-2025
41595,,경기,화성시 병점구,2024,경기|화성시,True,광역,False,,386120.0,0.0,386120.0,0.0,115117.3883862071,115117.3883862071,0.0,1.0,7,386120.0,,0.5,True,4080.000000000001,1.0,0.85,False,True,True,False,False,False,,0.0,,0.0,True,571,화성,AWS,45.39,경기도 화성시 만세구 남양읍 신남리,0.0,17509,4410.0,0.9986,0.001,4778.0,0.5455,698.0,0.3159,4670.0,4887.0,752.0,643.0,자체 관측소 없음 -> 상위 시 지역명 대표 관측소,정상,2024-2025
41597,,경기,화성시 동탄구,2024,경기|화성시,True,광역,False,,386120.0,0.0,386120.0,0.0,115117.3883862071,115117.3883862071,0.0,1.0,7,386120.0,,0.5,True,4080.000000000001,1.0,0.85,False,True,True,False,False,False,,0.0,,0.0,True,571,화성,AWS,45.39,경기도 화성시 만세구 남양읍 신남리,0.0,17509,4410.0,0.9986,0.001,4778.0,0.5455,698.0,0.3159,4670.0,4887.0,752.0,643.0,자체 관측소 없음 -> 상위 시 지역명 대표 관측소,정상,2024-2025
41610,,경기,광주시,2024,경기|광주시,False,자체,False,7956.0,0.0,0.0,7956.0,7956.0,7956.0,0.0,0.0,0.0,0,7956.0,0.9514878048780488,0.1617073170731708,False,4080.000000000001,0.603766961431382,0.4711490681239186,False,False,False,False,True,False,,0.0,,0.0,False,546,경기광주,AWS,122.61,경기도 광주시 송정동,0.0,17371,4391.0,0.9943,0.0066,5026.0,0.5738,313.0,0.1416,5087.0,4966.0,252.0,373.0,자체 지역명 대표 관측소,정상,2024-2025
41630,,경기,양주시,2024,경기|양주시,False,광역,False,,61266.0,0.0,61266.0,0.0,7850.0492289198,7850.0492289198,0.0,1.0,6,61266.0,,0.5,True,4080.000000000001,1.0,0.85,False,True,True,False,False,False,,0.0,,0.0,False,598,양주,AWS,87.76,경기도 양주시 광적면 가납리,0.0,16709,3612.0,0.8179,0.0488,4884.0,0.5575,735.0,0.3329,4846.0,4922.0,740.0,730.0,"자체 지역명 대표 관측소(기준 완화: 여름관측 82%, 이전 0.0km)",커버리지낮음+기준완화,2024-2025
41650,,경기,포천시,2024,경기|포천시,False,자체+광역,False,-557.0,61266.0,0.0,61266.0,0.0,5748.740860197034,5748.740860197034,0.0,1.0,6,60709.0,1.1740625,0.0,False,4080.000000000001,1.0,0.7,False,True,True,False,False,False,,0.0,,1000.0,False,504,포천,AWS,105.14,경기도 포천시 자작동,0.0,17416,4387.0,0.9934,0.0462,4886.0,0.5578,664.0,0.3008,4843.0,4929.0,735.0,593.0,자체 지역명 대표 관측소,정상,2024-2025
41670,,경기,여주시,2024,경기|여주시,False,자체,False,-2649.0,0.0,0.0,0.0,0.0,0.0,0.0,0.0,,0,-2649.0,1.05298,0.0,False,4080.000000000001,0.0,0.0,True,True,False,True,True,False,,1691.0,여주,15000.0,False,574,대신,AWS,36.85,경기도 여주시 대신면 초현리,0.0,17544,4416.0,1.0,0.1333,4756.0,0.5429,828.0,0.3752,4715.0,4796.0,809.0,848.0,자체 최저고도 관측소,정상,2024-2025
41800,,경기,연천군,2024,경기|연천군,False,자체,False,18.0,0.0,0.0,18.0,18.0,18.0,0.0,0.0,0.0,0,18.0,0.99964,0.0012,False,4080.000000000001,0.0024568372464269,0.0,True,True,False,True,True,False,,0.0,,0.0,False,652,연천청산,AWS,38.29,경기도 연천군 청산면 초성리,0.0,16926,4355.0,0.9862,0.0011,4996.0,0.5703,441.0,0.1997,4953.0,5039.0,531.0,351.0,자체 지역명 대표 관측소,정상,2024-2025
41820,,경기,가평군,2024,경기|가평군,False,자체,False,5610.0,0.0,0.0,5610.0,5610.0,5610.0,0.0,0.0,0.0,0,5610.0,0.8150909090909092,0.616363636363636,False,4080.000000000001,0.4827642618008721,0.5228440741697012,False,False,False,False,True,False,,0.0,,0.0,False,531,가평북면,AWS,109.66,경기도 가평군 북면 소법리,0.0,17532,4404.0,0.9973,0.002,5044.0,0.5758,522.0,0.2366,5058.0,5029.0,553.0,492.0,자체 지역명 대표 관측소,정상,2024-2025
41830,,경기,양평군,2024,경기|양평군,False,자체,False,-4619.0,0.0,0.0,0.0,0.0,0.0,0.0,0.0,,0,-4619.0,0.9488823529411764,0.1703921568627449,False,4080.000000000001,0.0,0.0,True,True,False,True,True,False,,0.0,,0.0,False,202,양평,ASOS,47.26,경기도 양평군 양평읍 양근리,0.0,16784,4411.0,0.9989,0.0018,4657.0,0.5316,400.0,0.1812,4419.0,4895.0,454.0,346.0,자체 지역명 대표 관측소,정상,2024-2025
43111,,충북,청주시 상당구,2024,충북|청주시,True,자체+광역,True,556.0,37672.0,0.0,38228.0,556.0,33682.55826858,33126.55826858,0.0,0.9854556869310452,2,38228.0,0.995608214849921,0.0146392838335966,False,4080.000000000001,1.0,0.7043917851500789,False,True,True,False,False,True,"청주 하수재이용, 대청댐계통",10192.0,K-water 청주(공업),0.0,False,327,청주금천,AWS,97.0,충청북도 청주시상당구 금천동,0.0,17542,4414.0,0.9995,0.0021,4763.0,0.5437,428.0,0.1939,4687.0,4838.0,472.0,384.0,자체 지역명 대표 관측소,정상,2024-2025
43112,,충북,청주시 서원구,2024,충북|청주시,True,자체+광역,True,556.0,37672.0,0.0,38228.0,556.0,33682.55826858,33126.55826858,0.0,0.9854556869310452,2,38228.0,0.995608214849921,0.0146392838335966,False,4080.000000000001,1.0,0.7043917851500789,False,True,True,False,False,True,"청주 하수재이용, 대청댐계통",10192.0,K-water 청주(공업),0.0,True,131,청주,ASOS,58.7,충청북도 청주시흥덕구 복대동,0.0,16787,4416.0,1.0,0.0,4532.0,0.5174,568.0,0.2575,4268.0,4797.0,608.0,529.0,자체 관측소 없음 -> 상위 시 지역명 대표 관측소,정상,2024-2025
43113,,충북,청주시 흥덕구,2024,충북|청주시,True,자체+광역,True,556.0,37672.0,0.0,38228.0,556.0,33682.55826858,33126.55826858,0.0,0.9854556869310452,2,38228.0,0.995608214849921,0.0146392838335966,False,4080.000000000001,1.0,0.7043917851500789,False,True,True,False,False,True,"청주 하수재이용, 대청댐계통",10192.0,K-water 청주(공업),0.0,False,131,청주,ASOS,58.7,충청북도 청주시흥덕구 복대동,0.0,16787,4416.0,1.0,0.0,4532.0,0.5174,568.0,0.2575,4268.0,4797.0,608.0,529.0,자체 지역명 대표 관측소,정상,2024-2025
43114,,충북,청주시 청원구,2024,충북|청주시,True,자체+광역,True,556.0,37672.0,0.0,38228.0,556.0,33682.55826858,33126.55826858,0.0,0.9854556869310452,2,38228.0,0.995608214849921,0.0146392838335966,False,4080.000000000001,1.0,0.7043917851500789,False,True,True,False,False,True,"청주 하수재이용, 대청댐계통",10192.0,K-water 청주(공업),0.0,False,977,오창가곡,AWS,40.35,충청북도 청주시청원구 오창읍 ,0.0,16582,4408.0,0.9982,0.0,4463.0,0.5095,1006.0,0.4557,4266.0,4660.0,990.0,1023.0,자체 최저고도 관측소,정상,2024-2025
43130,,충북,충주시,2024,충북|충주시,False,자체+광역,False,-609.0,64200.0,0.0,64200.0,0.0,8376.415665300834,8376.415665300834,0.0,1.0,7,63591.0,0.8871272727272728,0.3762424242424241,False,4080.000000000001,1.0,0.8128727272727272,False,True,True,False,False,False,,12159.0,K-water 충주(공업),0.0,False,127,충주,ASOS,114.85,충청북도 충주시 안림동,0.0,16741,4385.0,0.993,0.0,4657.0,0.5316,459.0,0.2081,4439.0,4875.0,482.0,437.0,자체 지역명 대표 관측소,정상,2024-2025
43150,,충북,제천시,2024,충북|제천시,False,자체,False,17408.0,0.0,0.0,17408.0,17408.0,17408.0,0.0,0.0,0.0,0,17408.0,0.7615342465753424,0.7948858447488587,False,4080.000000000001,0.9272436841539856,0.8875363323324474,False,False,False,False,True,False,,0.0,,0.0,False,221,제천,ASOS,264.62,충청북도 제천시 신월동,0.0,16799,4416.0,1.0,0.1386,4869.0,0.5559,280.0,0.127,4728.0,5011.0,336.0,225.0,자체 지역명 대표 관측소,정상,2024-2025
43720,,충북,보은군,2024,충북|보은군,False,자체,False,-658.0,0.0,0.0,0.0,0.0,0.0,0.0,0.0,,0,-658.0,0.9875238095238096,0.0415873015873017,False,4080.000000000001,0.0,0.0,True,True,False,True,True,False,,0.0,,0.0,False,226,보은,ASOS,171.31,충청북도 보은군 보은읍 성주리,0.0,16783,4405.0,0.9975,0.0842,4653.0,0.5312,352.0,0.1596,4463.0,4844.0,403.0,302.0,자체 지역명 대표 관측소,정상,2024-2025
43730,,충북,옥천군,2024,충북|옥천군,False,자체,True,5505.0,0.0,0.0,5505.0,5505.0,5505.0,0.0,0.0,0.0,0,5505.0,0.8051327433628317,0.6495575221238944,False,4080.000000000001,0.4766836189511034,0.5285457899029407,False,False,False,False,True,False,,0.0,,1000.0,False,604,옥천,AWS,118.05,충청북도 옥천군 옥천읍 매화리,0.0,17403,4280.0,0.9692,0.014,4748.0,0.542,608.0,0.2753,4713.0,4782.0,643.0,573.0,자체 지역명 대표 관측소,정상,2024-2025
43740,,충북,영동군,2024,충북|영동군,False,자체+정수수입,False,346.0,0.0,1634.0,1980.0,346.0,1163.0,0.0,817.0,0.8252525252525252,0,1980.0,0.9684074074074074,0.1053086419753087,False,4080.000000000001,0.2207957141901389,0.0,True,True,False,False,True,False,,0.0,,2650.0,False,605,영동,AWS,143.0,충청북도 영동군 양강면 가동리,0.0,17473,4400.0,0.9964,0.0049,4839.0,0.5524,497.0,0.225,4838.0,4840.0,521.0,473.0,자체 지역명 대표 관측소,정상,2024-2025
43745,,충북,증평군,2024,충북|증평군,False,광역,False,,64200.0,0.0,64200.0,0.0,3027.120468257518,3027.120468257518,0.0,1.0,7,64200.0,,0.5,True,4080.000000000001,1.0,0.85,False,True,True,False,False,False,,0.0,,0.0,False,623,증평,AWS,74.72,충청북도 증평군 증평읍 연탄리,0.0,17525,4401.0,0.9966,0.0,4864.0,0.5552,383.0,0.1733,4828.0,4900.0,445.0,321.0,자체 지역명 대표 관측소,정상,2024-2025
43750,,충북,진천군,2024,충북|진천군,False,자체+광역,False,86.0,64200.0,0.0,64286.0,86.0,12026.406636502938,11940.406636502938,0.0,0.9986622281678748,7,64286.0,0.8771428571428571,0.4095238095238096,False,4080.000000000001,1.0,0.8228571428571428,False,True,True,False,False,True,"남한강3차, 충주댐Ⅲ",0.0,광혜원,0.0,False,602,진천,AWS,68.0,충청북도 진천군 진천읍 성석리,0.0178000000005909,17466,4415.0,0.9998,0.0111,4829.0,0.5513,485.0,0.2195,4791.0,4868.0,548.0,421.0,자체 지역명 대표 관측소,정상,2024-2025
43760,,충북,괴산군,2024,충북|괴산군,False,자체+광역,False,-645.0,64200.0,0.0,64200.0,0.0,2399.446449934437,2399.446449934437,0.0,1.0,7,63555.0,1.592,0.0,False,4080.000000000001,1.0,0.7,False,True,True,False,False,True,"남한강3차, 충주댐Ⅲ",0.0,,0.0,False,603,괴산,AWS,120.2,충청북도 괴산군 괴산읍 서부리,0.0,17540,4416.0,1.0,0.0065,4870.0,0.556,506.0,0.2294,4844.0,4897.0,516.0,497.0,자체 지역명 대표 관측소,정상,2024-2025
43770,,충북,음성군,2024,충북|음성군,False,광역,False,,64200.0,0.0,64200.0,0.0,12965.648149606915,12965.648149606915,0.0,1.0,7,64200.0,,0.5,True,4080.000000000001,1.0,0.85,False,True,True,False,False,True,"남한강3차, 충주댐Ⅲ",0.0,,0.0,False,619,음성,AWS,133.44,충청북도 음성군 음성읍 평곡리,0.0,17541,4416.0,1.0,0.0164,4845.0,0.5531,550.0,0.2489,4831.0,4859.0,561.0,538.0,자체 지역명 대표 관측소,정상,2024-2025
43800,,충북,단양군,2024,충북|단양군,False,자체,False,2175.0,0.0,0.0,2175.0,2175.0,2175.0,0.0,0.0,0.0,0,2175.0,0.8997695852534562,0.3341013824884794,False,4080.000000000001,0.2384718277430906,0.0,True,True,False,False,True,False,,0.0,,500.0,False,601,단양,AWS,147.07,충청북도 단양군 단양읍 도담리,0.0,17499,4397.0,0.9957,0.0105,4945.0,0.5645,360.0,0.1629,4918.0,4973.0,462.0,257.0,자체 지역명 대표 관측소,정상,2024-2025
44131,,충남,천안시 동남구,2024,충남|천안시,True,자체+광역,False,11945.0,32574.0,0.0,44519.0,11945.0,28158.613363509077,16213.613363509074,0.0,0.7316875940609627,3,44519.0,0.6018333333333333,1.0,False,4080.000000000001,1.0,1.0,False,False,False,False,False,True,대청댐계통,38972.0,K-water 천안(공업),0.0,False,232,천안,ASOS,84.78,충청남도 천안시 동남구 병천면 병천리,0.0,16758,4389.0,0.9939,0.0246,4604.0,0.5255,574.0,0.2601,4359.0,4848.0,587.0,562.0,자체 지역명 대표 관측소,정상,2024-2025
44133,,충남,천안시 서북구,2024,충남|천안시,True,자체+광역,False,11945.0,32574.0,0.0,44519.0,11945.0,28158.613363509077,16213.613363509074,0.0,0.7316875940609627,3,44519.0,0.6018333333333333,1.0,False,4080.000000000001,1.0,1.0,False,False,False,False,False,True,대청댐계통,38972.0,K-water 천안(공업),0.0,False,617,직산,AWS,27.0,충청남도 천안시 서북구 직산읍 군서리,0.0,17389,4416.0,1.0,0.1021,4704.0,0.537,777.0,0.3521,4605.0,4803.0,864.0,691.0,자체 최저고도 관측소,정상,2024-2025
44150,,충남,공주시,2024,충남|공주시,False,자체+광역,True,9334.0,31906.0,0.0,41240.0,9334.0,25268.796860748786,15934.796860748784,0.0,0.7736663433559651,3,41240.0,0.6939672131147541,1.0,False,4080.000000000001,1.0,1.0,False,False,False,False,False,False,,0.0,,0.0,False,612,공주,AWS,24.0,충청남도 공주시 금흥동,0.0,17535,4416.0,1.0,0.0308,4725.0,0.5394,594.0,0.2688,4657.0,4794.0,615.0,572.0,자체 지역명 대표 관측소,정상,2024-2025
44180,,충남,보령시,2024,충남|보령시,False,자체+광역,True,2279.0,0.0,0.0,2279.0,2279.0,2279.0,0.0,0.0,0.0,8,2279.0,0.8246923076923077,0.5843589743589743,False,4080.000000000001,0.2476750654820827,0.0,True,True,False,False,True,True,금강북부3차,0.0,,900.0,False,235,보령,ASOS,9.98,충청남도 보령시 요암동,0.0,16789,4416.0,1.0,0.0,4427.0,0.5054,836.0,0.3784,4104.0,4750.0,859.0,812.0,자체 지역명 대표 관측소,정상,2024-2025
44200,,충남,아산시,2024,충남|아산시,False,광역,False,,54670.0,0.0,54670.0,0.0,24261.92831488256,24261.92831488256,0.0,1.0,3,54670.0,,0.5,True,4080.000000000001,1.0,0.85,False,True,True,False,False,False,,103914.0,"K-water 아산(공업), K-water 천안(공업)",11500.0,False,634,아산,AWS,29.5,충청남도 아산시 인주면 금성리,0.0,17521,4409.0,0.9984,0.0006,4713.0,0.538,720.0,0.326,4618.0,4807.0,801.0,639.0,자체 지역명 대표 관측소,정상,2024-2025
44210,,충남,서산시,2024,충남|서산시,False,광역,False,,0.0,0.0,0.0,0.0,0.0,0.0,0.0,,8,0.0,,0.5,True,4080.000000000001,0.0,0.0,True,True,False,True,True,True,금강북부3차,64942.0,K-water 아산(공업),0.0,False,129,서산,ASOS,25.25,충청남도 서산시 수석동,0.0,16793,4409.0,0.9984,0.0004,4593.0,0.5244,773.0,0.35,4294.0,4893.0,785.0,761.0,자체 지역명 대표 관측소,정상,2024-2025
44230,,충남,논산시,2024,충남|논산시,False,광역,False,,25776.0,0.0,25776.0,0.0,10961.971384785877,10961.971384785877,0.0,1.0,3,25776.0,,0.5,True,4080.000000000001,1.0,0.85,False,True,True,False,True,False,,0.0,,0.0,False,644,연무,AWS,24.5,충청남도 논산시 연무읍 안심리,0.0,17532,4415.0,0.9998,0.1472,4597.0,0.5248,758.0,0.3431,4505.0,4689.0,729.0,786.0,자체 최저고도 관측소,정상,2024-2025
44250,,충남,계룡시,2024,충남|계룡시,False,정수수입,False,,0.0,144780.0,144780.0,0.0,48260.0,0.0,48260.0,1.0,0,144780.0,,0.5,True,4080.000000000001,1.0,0.85,False,True,True,False,False,False,,0.0,,0.0,False,636,계룡,AWS,132.0,충청남도 계룡시 신도안면 부남리,0.0,16571,4378.0,0.9914,0.2612,4818.0,0.55,575.0,0.2606,4784.0,4853.0,621.0,530.0,자체 지역명 대표 관측소,정상,2024-2025
44270,,충남,당진시,2024,충남|당진시,False,자체+광역,False,-690.0,22096.0,0.0,22096.0,0.0,11263.986536214425,11263.986536214425,0.0,1.0,8,21406.0,1.275,0.0,False,4080.000000000001,1.0,0.7,False,True,True,False,True,True,금강북부3차,64942.0,K-water 아산(공업),0.0,False,616,당진,AWS,52.4,충청남도 당진시 채운동,0.0,17447,4379.0,0.9916,0.0007,4775.0,0.5451,741.0,0.3355,4678.0,4872.0,808.0,674.0,자체 지역명 대표 관측소,정상,2024-2025
44710,,충남,금산군,2024,충남|금산군,False,광역,False,,0.0,0.0,0.0,0.0,0.0,0.0,0.0,,2,0.0,,0.5,True,4080.000000000001,0.0,0.0,True,True,False,True,True,True,금산Ⅱ,0.0,,0.0,False,238,금산,ASOS,170.17,충청남도 금산군 금산읍 아인리,0.0,16765,4409.0,0.9984,0.0959,4560.0,0.5205,533.0,0.2412,4354.0,4766.0,541.0,525.0,자체 지역명 대표 관측소,정상,2024-2025
44760,,충남,부여군,2024,충남|부여군,False,광역,False,,25776.0,0.0,25776.0,0.0,5009.231754465342,5009.231754465342,0.0,1.0,3,25776.0,,0.5,True,4080.000000000001,1.0,0.85,False,True,True,False,True,True,금강북부3차,0.0,,0.0,False,236,부여,ASOS,13.42,충청남도 부여군 부여읍 가탑리,0.0,16797,4416.0,1.0,0.0572,4410.0,0.5034,757.0,0.3428,4097.0,4722.0,809.0,705.0,자체 지역명 대표 관측소,정상,2024-2025
44770,,충남,서천군,2024,충남|서천군,False,광역,False,,151920.0,0.0,151920.0,0.0,5994.955203132182,5994.955203132182,0.0,1.0,8,151920.0,,0.5,True,4080.000000000001,1.0,0.85,False,True,True,False,False,True,금강남부3차,0.0,,0.0,False,614,서천,AWS,9.59,충청남도 서천군 마서면 계동리,0.0,17490,4414.0,0.9995,0.0791,4652.0,0.531,770.0,0.3488,4563.0,4740.0,824.0,716.0,자체 지역명 대표 관측소,정상,2024-2025
44790,,충남,청양군,2024,충남|청양군,False,광역,False,,0.0,0.0,0.0,0.0,0.0,0.0,0.0,,8,0.0,,0.5,True,4080.000000000001,0.0,0.0,True,True,False,True,True,True,금강북부3차,0.0,,1800.0,False,618,청양,AWS,98.75,충청남도 청양군 청양읍 정좌리,0.0,17323,4400.0,0.9964,0.0,4846.0,0.5532,645.0,0.2922,4788.0,4903.0,673.0,617.0,자체 지역명 대표 관측소,정상,2024-2025
44800,,충남,홍성군,2024,충남|홍성군,False,광역,False,,0.0,0.0,0.0,0.0,0.0,0.0,0.0,,8,0.0,,0.5,True,4080.000000000001,0.0,0.0,True,True,False,True,True,True,금강북부3차,0.0,,0.0,False,177,홍성,ASOS,27.74,충청남도 홍성군 광천읍 월림리,0.0,16798,4416.0,1.0,0.0,4481.0,0.5116,845.0,0.3827,4145.0,4818.0,1052.0,638.0,자체 지역명 대표 관측소,정상,2024-2025
44810,,충남,예산군,2024,충남|예산군,False,자체+광역,False,2881.0,0.0,0.0,2881.0,2881.0,2881.0,0.0,0.0,0.0,8,2881.0,0.8128695652173913,0.6237681159420291,False,4080.000000000001,0.2981572934008938,0.0,True,True,False,False,True,True,"대청댐계통, 금강북부3차",0.0,,3000.0,False,628,예산,AWS,29.22,충청남도 예산군 신암면 종경리,0.5798335019640136,17282,4330.0,0.9805,0.0,4668.0,0.5329,741.0,0.3354,4519.0,4817.0,838.0,643.0,자체 지역명 대표 관측소,정상,2024-2025
44825,,충남,태안군,2024,충남|태안군,False,광역,False,,0.0,0.0,0.0,0.0,0.0,0.0,0.0,,8,0.0,,0.5,True,4080.000000000001,0.0,0.0,True,True,False,True,True,True,금강북부3차,0.0,,0.0,False,627,태안,AWS,14.94,충청남도 태안군 태안읍 평천리,2.987946964053238,16655,4140.0,0.9375,0.0,4727.0,0.5396,775.0,0.3512,4601.0,4852.0,834.0,716.0,자체 지역명 대표 관측소,커버리지낮음,2024-2025
47111,,경북,포항시 남구,2024,경북|포항시,True,자체+광역,True,-1883.0,3548.0,0.0,3548.0,0.0,3009.39335219175,3009.39335219175,0.0,1.0,2,1665.0,1.0062808539026018,0.0,False,4080.000000000001,0.3492258364297554,0.0,True,True,False,False,True,False,,0.0,,14000.0,False,138,포항,ASOS,3.94,경상북도 포항시남구 송도동,0.0,16800,4416.0,1.0,0.0002,4342.0,0.4957,512.0,0.2319,3980.0,4704.0,508.0,516.0,자체 지역명 대표 관측소,정상,2024-2025
47113,,경북,포항시 북구,2024,경북|포항시,True,자체+광역,True,-1883.0,3548.0,0.0,3548.0,0.0,3009.39335219175,3009.39335219175,0.0,1.0,2,1665.0,1.0062808539026018,0.0,False,4080.000000000001,0.3492258364297554,0.0,True,True,False,False,True,False,,0.0,,14000.0,False,804,청하,AWS,37.23,경상북도 포항시북구 청하면 미남리,0.0,17544,4416.0,1.0,0.0006,4672.0,0.5333,447.0,0.2024,4545.0,4799.0,448.0,446.0,자체 최저고도 관측소,정상,2024-2025
47130,,경북,경주시,2024,경북|경주시,False,자체+광역,True,2173.0,3548.0,0.0,5721.0,2173.0,2711.6066478082494,538.6066478082496,0.0,0.6201712987239993,2,5721.0,0.9781608040201006,0.0727973199329978,False,4080.000000000001,0.4891211392612575,0.3642239934627796,False,True,True,False,True,False,,0.0,,0.0,False,283,경주시,ASOS,40.13,경상북도 경주시 탑동,0.0,16695,4412.0,0.9991,0.0075,4493.0,0.5129,611.0,0.2768,4255.0,4731.0,644.0,578.0,자체 지역명 대표 관측소,정상,2024-2025
47150,,경북,김천시,2024,경북|김천시,False,자체+광역,False,4625.0,0.0,0.0,4625.0,4625.0,4625.0,0.0,0.0,0.0,3,4625.0,0.9071285140562249,0.3095716198125838,False,4080.000000000001,0.4229365591859078,0.3889270773739106,False,False,False,False,True,True,낙동강중부3차,0.0,,0.0,False,822,김천,AWS,79.24,경상북도 김천시 덕곡동,0.0,17535,4411.0,0.9989,0.0024,4802.0,0.5481,484.0,0.2193,4698.0,4905.0,534.0,434.0,자체 지역명 대표 관측소,정상,2024-2025
47170,,경북,안동시,2024,경북|안동시,False,자체,False,8640.0,0.0,0.0,8640.0,8640.0,6126.666666666666,0.0,0.0,0.0,0,8640.0,0.916116504854369,0.2796116504854366,False,4080.000000000001,0.6346156328593558,0.5281144381471801,False,False,False,False,True,False,,0.0,,0.0,False,136,안동,ASOS,141.26,경상북도 안동시 운안동,0.0,16800,4416.0,1.0,0.0044,4599.0,0.525,538.0,0.2439,4324.0,4874.0,583.0,494.0,자체 지역명 대표 관측소,정상,2024-2025
47190,,경북,구미시,2024,경북|구미시,False,자체+광역,True,24684.0,0.0,0.0,24684.0,24684.0,12342.0,0.0,0.0,0.0,3,24684.0,0.50632,1.0,False,4080.000000000001,1.0,1.0,False,False,False,False,True,True,낙동강중부3차,212804.0,"구미정수장, K-water 구미(공업), K-water 해평",0.0,False,279,구미,ASOS,49.17,경상북도 구미시 남통동,0.0,16764,4394.0,0.995,0.0,4528.0,0.5169,520.0,0.2357,4368.0,4688.0,449.0,592.0,자체 지역명 대표 관측소,정상,2024-2025
47210,,경북,영주시,2024,경북|영주시,False,자체,True,7582.0,0.0,0.0,7582.0,7582.0,7582.0,0.0,0.0,0.0,0,7582.0,0.8413807531380754,0.5287308228730822,False,4080.000000000001,0.5861493813320652,0.5689238137943702,False,False,False,False,True,False,,0.0,,0.0,False,272,영주,ASOS,211.32,경상북도 영주시 풍기읍 성내리,0.0,16797,4413.0,0.9993,0.1875,4745.0,0.5417,303.0,0.1371,4545.0,4946.0,338.0,267.0,자체 지역명 대표 관측소,정상,2024-2025
47230,,경북,영천시,2024,경북|영천시,False,자체+광역,True,-5139.0,5292.0,0.0,5292.0,0.0,3160.141700083398,3160.141700083398,0.0,1.0,2,153.0,1.125341463414634,0.0,False,4080.000000000001,0.4641412792911151,0.3248988955037805,False,True,True,False,True,True,금호강1차,4678.0,공업용수정수장,6200.0,False,281,영천,ASOS,96.12,경상북도 영천시 망정동,0.0,16796,4416.0,1.0,0.0607,4538.0,0.518,462.0,0.209,4258.0,4817.0,481.0,442.0,자체 지역명 대표 관측소,정상,2024-2025
47250,,경북,상주시,2024,경북|상주시,False,자체+정수수입,False,4657.0,0.0,4057.0,8714.0,4657.0,6685.5,0.0,2028.5,0.4655726417259582,0,8714.0,0.917575221238938,0.274749262536873,False,4080.000000000001,0.637853094815379,0.5289219451318272,False,False,False,False,True,False,,0.0,,0.0,False,137,상주,ASOS,96.58,경상북도 상주시 낙양동,0.0,16799,4415.0,0.9998,0.0487,4529.0,0.517,644.0,0.2914,4285.0,4772.0,664.0,623.0,자체 지역명 대표 관측소,정상,2024-2025
47280,,경북,문경시,2024,경북|문경시,False,자체,False,4141.0,0.0,0.0,4141.0,4141.0,4087.5,0.0,0.0,0.0,0,4141.0,0.8796062992125985,0.4013123359580051,False,4080.000000000001,0.3910094406007318,0.3941003092079138,False,False,False,False,True,False,,0.0,,0.0,False,273,문경,ASOS,173.01,경상북도 문경시 유곡동,0.0,16685,4416.0,1.0,0.1086,4614.0,0.5267,490.0,0.2217,4392.0,4836.0,517.0,462.0,자체 지역명 대표 관측소,정상,2024-2025
47290,,경북,경산시,2024,경북|경산시,False,자체+광역+정수수입,True,6093.0,5292.0,104832.0,116217.0,6093.0,60640.8582999166,2131.858299916602,52416.0,0.9475722140478589,2,116217.0,0.93907,0.2031000000000001,False,4080.000000000001,1.0,0.76093,False,False,False,False,False,True,금호강1차,23999.0,진량공업용수정수장,0.0,False,827,경산,AWS,61.21,경상북도 경산시 중방동,0.0,17541,4415.0,0.9998,0.0005,4615.0,0.5268,641.0,0.2904,4514.0,4716.0,667.0,615.0,자체 지역명 대표 관측소,정상,2024-2025
47730,,경북,의성군,2024,경북|의성군,False,자체+정수수입,False,-3263.0,0.0,3770.0,3770.0,0.0,1256.6666666666667,0.0,1256.6666666666667,1.0,0,507.0,1.4661428571428572,0.0,False,4080.000000000001,0.3652368270503348,0.0,True,True,False,False,True,False,,0.0,,4900.0,False,278,의성,ASOS,81.44,경상북도 의성군 의성읍 원당리,0.0,16797,4416.0,1.0,0.1559,4528.0,0.5169,642.0,0.2905,4291.0,4766.0,666.0,617.0,자체 지역명 대표 관측소,정상,2024-2025
47750,,경북,청송군,2024,경북|청송군,False,자체,False,-3997.0,0.0,0.0,0.0,0.0,0.0,0.0,0.0,,0,-3997.0,1.4163541666666666,0.0,False,4080.000000000001,0.0,0.0,True,True,False,True,True,False,,0.0,,0.0,False,276,청송군,ASOS,208.65,경상북도 청송군 청송읍,0.0,16754,4414.0,0.9995,0.1577,4858.0,0.5546,507.0,0.2297,4757.0,4960.0,500.0,514.0,자체 지역명 대표 관측소,정상,2024-2025
47760,,경북,영양군,2024,경북|영양군,False,자체,False,-4467.0,0.0,0.0,0.0,0.0,0.0,0.0,0.0,,0,-4467.0,1.551111111111111,0.0,False,4080.000000000001,0.0,0.0,True,True,False,True,True,False,,0.0,,0.0,False,801,영양,AWS,214.21,경상북도 영양군 영양읍 감천리,0.0,17503,4411.0,0.9989,0.0007,4960.0,0.5662,347.0,0.1569,4951.0,4969.0,402.0,291.0,자체 지역명 대표 관측소,정상,2024-2025
47770,,경북,영덕군,2024,경북|영덕군,False,자체,False,-7134.0,0.0,0.0,0.0,0.0,0.0,0.0,0.0,,0,-7134.0,1.3101739130434782,0.0,False,4080.000000000001,0.0,0.0,True,True,False,True,True,False,,0.0,,0.0,False,277,영덕,ASOS,40.71,경상북도 영덕군 영해면 성내리,0.0,16785,4401.0,0.9966,0.0068,4562.0,0.5208,354.0,0.1603,4286.0,4838.0,371.0,337.0,자체 지역명 대표 관측소,정상,2024-2025
47820,,경북,청도군,2024,경북|청도군,False,광역,False,,0.0,0.0,0.0,0.0,0.0,0.0,0.0,,1,0.0,,0.5,True,4080.000000000001,0.0,0.0,True,True,False,True,True,True,금호강1차,0.0,,0.0,False,813,청도,AWS,77.53,경상북도 청도군 화양읍 송북리,0.0,17520,4416.0,1.0,0.1436,4666.0,0.5327,572.0,0.2591,4626.0,4706.0,490.0,654.0,자체 지역명 대표 관측소,정상,2024-2025
47830,,경북,고령군,2024,경북|고령군,False,자체+광역,False,-3712.0,0.0,0.0,0.0,0.0,0.0,0.0,0.0,,2,-3712.0,1.2646666666666666,0.0,False,4080.000000000001,0.0,0.0,True,True,False,True,True,False,,0.0,,0.0,False,812,고령,AWS,41.19,경상북도 고령군 고령읍 내곡리,0.0,17340,4372.0,0.99,0.0028,4553.0,0.5198,831.0,0.3766,4465.0,4641.0,946.0,717.0,자체 지역명 대표 관측소,정상,2024-2025
47840,,경북,성주군,2024,경북|성주군,False,자체+광역,False,259.0,0.0,0.0,259.0,259.0,259.0,0.0,0.0,0.0,2,259.0,0.8920833333333333,0.3597222222222222,False,4080.000000000001,0.0343499891906024,0.0,True,True,False,True,True,False,,2350.0,성주,0.0,False,810,성주,AWS,39.43,경상북도 성주군 성주읍 삼산리,0.0,17499,4405.0,0.9975,0.0015,4687.0,0.535,628.0,0.2845,4652.0,4721.0,605.0,651.0,자체 지역명 대표 관측소,정상,2024-2025
47850,,경북,칠곡군,2024,경북|칠곡군,False,광역+정수수입,False,,0.0,54968.0,54968.0,0.0,27484.0,0.0,27484.0,1.0,3,54968.0,,0.5,True,4080.000000000001,1.0,0.85,False,True,True,False,False,True,낙동강중부3차,0.0,,0.0,False,825,칠곡,AWS,29.79,경상북도 칠곡군 약목면 동안리,0.0,17427,4374.0,0.9905,0.2064,4422.0,0.5048,1014.0,0.4591,4298.0,4546.0,1020.0,1008.0,자체 지역명 대표 관측소,정상,2024-2025
47900,,경북,예천군,2024,경북|예천군,False,자체+정수수입,False,-10730.0,0.0,3770.0,3770.0,0.0,1256.6666666666667,0.0,1256.6666666666667,1.0,0,-6960.0,1.3518897637795275,0.0,False,4080.000000000001,0.3652368270503348,0.0,True,True,False,False,True,False,,0.0,,0.0,False,815,예천,AWS,102.13,경상북도 예천군 예천읍 동본리,0.0,17532,4404.0,0.9973,0.0007,4813.0,0.5494,565.0,0.2557,4788.0,4838.0,596.0,533.0,자체 지역명 대표 관측소,정상,2024-2025
47920,,경북,봉화군,2024,경북|봉화군,False,자체,False,-4755.0,0.0,0.0,0.0,0.0,0.0,0.0,0.0,,0,-4755.0,1.279642857142857,0.0,False,4080.000000000001,0.0,0.0,True,True,False,True,True,False,,0.0,,0.0,False,271,봉화,ASOS,324.67,경상북도 봉화군 춘양면 의양리,0.0,16734,4401.0,0.9966,0.0257,4952.0,0.5653,168.0,0.0762,4762.0,5142.0,176.0,160.0,자체 지역명 대표 관측소,정상,2024-2025
47930,,경북,울진군,2024,경북|울진군,False,자체,False,4074.0,0.0,0.0,4074.0,4074.0,4074.0,0.0,0.0,0.0,0,4074.0,0.8343785310734462,0.5520715630885128,False,4080.000000000001,0.3864422808265126,0.0,True,True,False,False,True,False,,0.0,,0.0,False,130,울진,ASOS,48.98,경상북도 울진군 울진읍 연지리,0.0,16800,4416.0,1.0,0.0,4575.0,0.5223,364.0,0.1646,4291.0,4860.0,417.0,310.0,자체 지역명 대표 관측소,정상,2024-2025
47940,,경북,울릉군,2024,경북|울릉군,False,자체,False,-7239.0,0.0,0.0,0.0,0.0,0.0,0.0,0.0,,0,-7239.0,1.4612,0.0,False,4080.000000000001,0.0,0.0,True,True,False,True,True,False,,0.0,,500.0,False,115,울릉도,ASOS,221.14,경상북도 울릉군 울릉읍 도동리,0.0,16799,4415.0,0.9998,0.0301,4437.0,0.5065,573.0,0.2596,3990.0,4884.0,646.0,500.0,자체 지역명 대표 관측소,정상,2024-2025
48121,,경남,창원시 의창구,2024,경남|창원시,True,자체+광역+정수수입,True,262612.0,40097.0,180200.0,482909.0,262612.0,295813.1666666667,40097.0,60066.66666666666,0.4561873976256396,1,482909.0,0.58966875,1.0,False,4080.000000000001,1.0,1.0,False,False,False,False,False,True,창원국가산단,0.0,,0.0,True,155,창원,ASOS,34.97,경상남도 창원시 마산합포구 가포동,0.0,16799,4416.0,1.0,0.0,4139.0,0.4725,805.0,0.3644,3770.0,4508.0,864.0,745.0,자체 관측소 없음 -> 상위 시 지역명 대표 관측소,정상,2024-2025
48123,,경남,창원시 성산구,2024,경남|창원시,True,자체+광역+정수수입,True,262612.0,40097.0,180200.0,482909.0,262612.0,295813.1666666667,40097.0,60066.66666666666,0.4561873976256396,1,482909.0,0.58966875,1.0,False,4080.000000000001,1.0,1.0,False,False,False,False,False,True,창원국가산단,0.0,,0.0,False,255,북창원,ASOS,50.95,경상남도 창원시 성산구 내동,0.0,16797,4414.0,0.9995,0.0103,4008.0,0.4575,988.0,0.4473,3599.0,4417.0,1062.0,913.0,자체 지역명 대표 관측소,정상,2024-2025
48125,,경남,창원시 마산합포구,2024,경남|창원시,True,자체+광역+정수수입,True,262612.0,40097.0,180200.0,482909.0,262612.0,295813.1666666667,40097.0,60066.66666666666,0.4561873976256396,1,482909.0,0.58966875,1.0,False,4080.000000000001,1.0,1.0,False,False,False,False,False,True,창원국가산단,0.0,,0.0,False,155,창원,ASOS,34.97,경상남도 창원시 마산합포구 가포동,0.0,16799,4416.0,1.0,0.0,4139.0,0.4725,805.0,0.3644,3770.0,4508.0,864.0,745.0,자체 지역명 대표 관측소,정상,2024-2025
48127,,경남,창원시 마산회원구,2024,경남|창원시,True,자체+광역+정수수입,True,262612.0,40097.0,180200.0,482909.0,262612.0,295813.1666666667,40097.0,60066.66666666666,0.4561873976256396,1,482909.0,0.58966875,1.0,False,4080.000000000001,1.0,1.0,False,False,False,False,False,True,창원국가산단,0.0,,0.0,False,899,마산회원,AWS,33.3,경상남도 창원시 마산회원구 양덕동,0.0,16292,4397.0,0.9957,0.0004,4253.0,0.4855,678.0,0.3069,3891.0,4614.0,707.0,649.0,자체 지역명 대표 관측소,정상,2024-2025
48129,,경남,창원시 진해구,2024,경남|창원시,True,자체+광역+정수수입,True,262612.0,40097.0,180200.0,482909.0,262612.0,295813.1666666667,40097.0,60066.66666666666,0.4561873976256396,1,482909.0,0.58966875,1.0,False,4080.000000000001,1.0,1.0,False,False,False,False,False,True,창원국가산단,0.0,,0.0,False,908,진해,AWS,11.74,경상남도 창원시 진해구 성내동,0.0,17531,4411.0,0.9989,0.0091,4416.0,0.5042,600.0,0.2715,4245.0,4588.0,627.0,572.0,자체 지역명 대표 관측소,정상,2024-2025
48170,,경남,진주시,2024,경남|진주시,False,자체+광역,False,60607.0,36684.0,0.0,97291.0,60607.0,64672.73470357741,4065.734703577408,0.0,0.3770544037989125,7,97291.0,0.6969650000000001,1.0,False,4080.000000000001,1.0,1.0,False,False,False,False,False,True,"남강권1차, 경남항공국가산단",0.0,,0.0,False,192,진주,ASOS,29.35,경상남도 진주시 평거동,0.0,16796,4416.0,1.0,0.0082,4279.0,0.4885,702.0,0.3179,3925.0,4634.0,830.0,574.0,자체 지역명 대표 관측소,정상,2024-2025
48220,,경남,통영시,2024,경남|통영시,False,자체+광역,False,-16.0,36684.0,0.0,36684.0,0.0,6614.751758961498,6614.751758961498,0.0,1.0,7,36668.0,0.9655555555555554,0.1148148148148153,False,4080.000000000001,1.0,0.7344444444444446,False,True,True,False,False,True,남강권1차,0.0,,0.0,False,162,통영,ASOS,31.24,경상남도 통영시 정량동,0.0,16685,4322.0,0.9787,0.0,4064.0,0.4639,571.0,0.2586,3636.0,4492.0,652.0,490.0,자체 지역명 대표 관측소,정상,2024-2025
48240,,경남,사천시,2024,경남|사천시,False,자체+광역,False,77.0,36684.0,0.0,36761.0,77.0,6523.515315898494,6446.515315898494,0.0,0.9979053888631976,7,36761.0,0.9615,0.1283333333333332,False,4080.000000000001,1.0,0.7384999999999999,False,True,True,False,False,True,"남강권1차, 경남항공국가산단",0.0,,0.0,False,917,사천,AWS,25.79,경상남도 사천시 용현면 신복리,0.0,17543,4416.0,1.0,0.0,4600.0,0.5251,583.0,0.264,4530.0,4670.0,558.0,608.0,자체 지역명 대표 관측소,정상,2024-2025
48250,,경남,김해시,2024,경남|김해시,False,자체+정수수입,False,59400.0,0.0,180200.0,239600.0,59400.0,119466.66666666666,0.0,60066.66666666666,0.7520868113522537,0,239600.0,0.6887032258064516,1.0,False,4080.000000000001,1.0,1.0,False,False,False,False,False,False,,0.0,,0.0,False,253,김해시,ASOS,54.59,경상남도 김해시 부원동,0.0,16791,4408.0,0.9982,0.0487,4141.0,0.4728,884.0,0.4004,3756.0,4527.0,937.0,831.0,자체 지역명 대표 관측소,정상,2024-2025
48270,,경남,밀양시,2024,경남|밀양시,False,자체+광역,False,1840.0,10824.0,0.0,12664.0,1840.0,7351.549941871555,5511.549941871555,0.0,0.8547062539481997,2,12664.0,0.885,0.3833333333333333,False,4080.000000000001,0.7880203905583023,0.6666142733908116,False,True,True,False,True,True,밀양나노융합국가산단,0.0,,0.0,False,288,밀양,ASOS,8.31,경상남도 밀양시 내이동,0.0,16795,4413.0,0.9993,0.0,4434.0,0.5062,611.0,0.2769,4255.0,4614.0,432.0,791.0,자체 지역명 대표 관측소,정상,2024-2025
48310,,경남,거제시,2024,경남|거제시,False,자체+광역,False,-464.0,39768.0,0.0,39768.0,0.0,16797.696381608876,16797.696381608876,0.0,1.0,7,39304.0,1.232,0.0,False,4080.000000000001,1.0,0.7,False,True,True,False,False,True,남강권1차,0.0,,3000.0,False,294,거제,ASOS,44.83,경상남도 거제시 장평동,0.0,16800,4416.0,1.0,0.0,4120.0,0.4703,563.0,0.255,3695.0,4545.0,642.0,484.0,자체 지역명 대표 관측소,정상,2024-2025
48330,,경남,양산시,2024,경남|양산시,False,자체+광역,True,42100.0,14500.0,0.0,56600.0,42100.0,56600.0,14500.0,0.0,0.2561837455830388,1,56600.0,0.6773946360153257,1.0,False,4080.000000000001,1.0,1.0,False,False,False,False,False,False,,0.0,,0.0,False,257,양산시,ASOS,6.29,경상남도 양산시 동면 금산리,0.0,16625,4384.0,0.9928,0.0417,4013.0,0.4581,960.0,0.4349,3595.0,4431.0,1055.0,865.0,자체 지역명 대표 관측소,정상,2024-2025
48720,,경남,의령군,2024,경남|의령군,False,자체,False,-4442.0,0.0,0.0,0.0,0.0,0.0,0.0,0.0,,0,-4442.0,1.0284313725490195,0.0,False,4080.000000000001,0.0,0.0,True,True,False,True,True,False,,0.0,,0.0,False,263,의령군,ASOS,14.1,경상남도 의령군 의령읍 무전리,0.0,16554,4404.0,0.9973,0.0242,4297.0,0.4905,734.0,0.3325,3923.0,4670.0,914.0,554.0,자체 지역명 대표 관측소,정상,2024-2025
48730,,경남,함안군,2024,경남|함안군,False,자체+정수수입,False,-3428.0,0.0,133925.0,133925.0,0.0,66962.5,0.0,66962.5,1.0,0,130497.0,1.1656038647342994,0.0,False,4080.000000000001,1.0,0.7,False,True,True,False,False,False,,0.0,,980.0,False,920,함안,AWS,8.39,경상남도 함안군 가야읍 산서리,0.0,16847,4384.0,0.9928,0.0562,4446.0,0.5075,775.0,0.3511,4351.0,4541.0,892.0,658.0,자체 지역명 대표 관측소,정상,2024-2025
48740,,경남,창녕군,2024,경남|창녕군,False,자체+광역+정수수입,False,1299.0,10824.0,289330.0,301453.0,1299.0,151276.45005812845,5312.450058128445,144665.0,0.9956908705503014,2,301453.0,0.67525,1.0,False,4080.000000000001,1.0,1.0,False,True,True,False,False,False,,0.0,,2500.0,False,919,창녕,AWS,30.0,경상남도 창녕군 대지면 효정리,0.0,17503,4408.0,0.9982,0.0433,4453.0,0.5084,843.0,0.3818,4279.0,4628.0,981.0,706.0,자체 지역명 대표 관측소,정상,2024-2025
48820,,경남,고성군,2024,경남|고성군,False,광역,False,,36684.0,0.0,36684.0,0.0,3301.6996586785285,3301.6996586785285,0.0,1.0,7,36684.0,,0.5,True,4080.000000000001,1.0,0.85,False,True,True,False,False,True,남강권1차,0.0,,0.0,False,918,고성,AWS,7.03,경상남도 고성군 고성읍 죽계리,0.0,17540,4416.0,1.0,0.0068,4323.0,0.4934,784.0,0.3553,4131.0,4514.0,851.0,718.0,자체 지역명 대표 관측소,정상,2024-2025
48840,,경남,남해군,2024,경남|남해군,False,자체+광역,False,2746.0,36684.0,0.0,39430.0,2746.0,4707.530479893046,1961.5304798930456,0.0,0.9303575957392848,7,39430.0,0.7629820051413881,0.7900599828620396,False,4080.000000000001,1.0,0.9370179948586118,False,True,True,False,False,True,남강권1차,0.0,,0.0,False,295,남해,ASOS,45.71,경상남도 남해군 이동면 다정리,0.0,16714,4410.0,0.9986,0.0023,4137.0,0.4723,646.0,0.2926,3742.0,4532.0,725.0,567.0,자체 지역명 대표 관측소,정상,2024-2025
48850,,경남,하동군,2024,경남|하동군,False,자체+광역,False,-844.0,36684.0,0.0,36684.0,0.0,580.0717013821461,580.0717013821461,0.0,1.0,7,35840.0,1.1406666666666667,0.0,False,4080.000000000001,1.0,0.7,False,True,True,False,False,True,남강권1차,0.0,,0.0,False,932,하동,AWS,4.47,경상남도 하동군 하동읍 신기리,0.0,17388,4338.0,0.9823,0.0102,4349.0,0.4965,747.0,0.3384,4149.0,4549.0,874.0,620.0,자체 지역명 대표 관측소,정상,2024-2025
48860,,경남,산청군,2024,경남|산청군,False,자체,False,-3271.0,0.0,0.0,0.0,0.0,0.0,0.0,0.0,,0,-3271.0,1.0524409448818897,0.0,False,4080.000000000001,0.0,0.0,True,True,False,True,True,False,,0.0,,0.0,False,289,산청,ASOS,138.22,경상남도 산청군 산청읍 지리,0.0,16777,4393.0,0.9948,0.0916,4404.0,0.5028,657.0,0.2977,4135.0,4674.0,716.0,598.0,자체 지역명 대표 관측소,정상,2024-2025
48870,,경남,함양군,2024,경남|함양군,False,자체,False,187.0,0.0,0.0,187.0,187.0,187.0,0.0,0.0,0.0,0,187.0,0.9852755905511812,0.0490813648293964,False,4080.000000000001,0.0250111784307186,0.0,True,True,False,True,True,False,,0.0,,2000.0,False,264,함양군,ASOS,152.07,경상남도 함양군 함양읍 용평리,0.0,16755,4393.0,0.9948,0.0742,4535.0,0.5177,533.0,0.2415,4300.0,4770.0,519.0,548.0,자체 지역명 대표 관측소,정상,2024-2025
48880,,경남,거창군,2024,경남|거창군,False,자체,True,1661.0,0.0,0.0,1661.0,1661.0,1661.0,0.0,0.0,0.0,0,1661.0,0.9332931726907632,0.2223560910307894,False,4080.000000000001,0.1906151069019179,0.0,True,True,False,False,True,False,,0.0,,0.0,False,284,거창,ASOS,228.45,경상남도 거창군 거창읍 정장리,0.0,16709,4416.0,1.0,0.0,4695.0,0.536,363.0,0.1644,4543.0,4847.0,311.0,415.0,자체 지역명 대표 관측소,정상,2024-2025
48890,,경남,합천군,2024,경남|합천군,False,자체,False,-1922.0,0.0,0.0,0.0,0.0,0.0,0.0,0.0,,0,-1922.0,1.1171951219512195,0.0,False,4080.000000000001,0.0,0.0,True,True,False,True,True,False,,0.0,,0.0,False,285,합천,ASOS,26.72,경상남도 합천군 합천읍 합천리,0.0,16792,4416.0,1.0,0.0001,4292.0,0.4899,672.0,0.3041,4055.0,4528.0,586.0,757.0,자체 지역명 대표 관측소,정상,2024-2025
50110,,제주,제주시,2024,제주|제주,True,자체,False,-27884.0,0.0,0.0,0.0,0.0,0.0,0.0,0.0,,0,-27884.0,1.0811761280931589,0.0,False,4080.000000000001,0.0,0.0,True,True,False,True,True,False,,0.0,,0.0,False,184,제주,ASOS,20.79,제주특별자치도 제주시 건입동,0.0,16793,4414.0,0.9995,0.0,3849.0,0.4394,802.0,0.3631,3461.0,4238.0,900.0,703.0,자체 지역명 대표 관측소,정상,2024-2025
50130,,제주,서귀포시,2024,제주|제주,True,자체,False,-27884.0,0.0,0.0,0.0,0.0,0.0,0.0,0.0,,0,-27884.0,1.0811761280931589,0.0,False,4080.000000000001,0.0,0.0,True,True,False,True,True,False,,0.0,,0.0,False,189,서귀포,ASOS,51.86,제주특별자치도 서귀포시 서귀동,0.0,16796,4416.0,1.0,0.0,3562.0,0.4067,1052.0,0.4764,3168.0,3957.0,1045.0,1059.0,자체 지역명 대표 관측소,정상,2024-2025
51110,42110,강원,춘천시,2024,강원|춘천시,False,자체,False,56558.0,0.0,0.0,56558.0,56558.0,39778.5,0.0,0.0,0.0,0,56558.0,0.6959247311827957,1.0,False,4080.000000000001,1.0,1.0,False,False,False,False,False,False,,0.0,,0.0,False,101,춘천,ASOS,75.82,강원특별자치도 춘천시 우두동,0.0,16646,4316.0,0.9774,0.0,4816.0,0.5497,399.0,0.1805,4622.0,5009.0,406.0,392.0,자체 지역명 대표 관측소,정상,2024-2025
51130,42130,강원,원주시,2024,강원|원주시,False,자체+광역,False,8434.0,16832.0,0.0,25266.0,8434.0,21324.67322118506,12890.67322118506,0.0,0.6661917200981556,2,25266.0,0.8504767441860465,0.4984108527131785,False,4080.000000000001,1.0,0.8495232558139535,False,False,False,False,True,False,,7801.0,"원주(생활+공업), 문막제1공업용수장, 문막제2공업용수장",500.0,False,114,원주,ASOS,150.11,강원특별자치도 원주시 명륜동,0.0,16794,4414.0,0.9995,0.0,4666.0,0.5326,435.0,0.1968,4439.0,4893.0,357.0,512.0,자체 지역명 대표 관측소,정상,2024-2025
51150,42150,강원,강릉시,2024,강원|강릉시,False,자체,False,-12659.0,0.0,0.0,0.0,0.0,0.0,0.0,0.0,,0,-12659.0,1.1102700348432055,0.0,False,4080.000000000001,0.0,0.0,True,True,False,True,True,False,,0.0,,2000.0,False,105,강릉,ASOS,27.12,강원특별자치도 강릉시 용강동,0.0,16787,4408.0,0.9982,0.004,4559.0,0.5205,535.0,0.2425,4262.0,4857.0,575.0,496.0,자체 지역명 대표 관측소,정상,2024-2025
51170,42170,강원,동해시,2024,강원|동해시,False,자체,True,16773.0,0.0,0.0,16773.0,16773.0,16773.0,0.0,0.0,0.0,0,16773.0,0.77636,0.7454666666666665,False,4080.000000000001,0.9105021418266848,0.8609914992786794,False,False,False,False,True,False,,0.0,,0.0,False,106,동해,ASOS,40.46,강원특별자치도 동해시 용정동,0.0,16775,4415.0,0.9998,0.0,4631.0,0.5287,370.0,0.1673,4325.0,4937.0,456.0,283.0,자체 지역명 대표 관측소,정상,2024-2025
51190,42190,강원,태백시,2024,강원|태백시,False,자체+광역,False,-1854.0,32680.0,0.0,32680.0,0.0,17510.391222215534,17510.391222215534,0.0,1.0,3,30826.0,1.0426,0.0,False,4080.000000000001,1.0,0.7,False,True,True,False,True,False,,0.0,,10000.0,False,216,태백,ASOS,714.45,(산지)강원특별자치도 태백시 황지동,0.0,16796,4415.0,0.9998,0.0,5425.0,0.6193,14.0,0.0063,5406.0,5443.0,11.0,17.0,자체 최저고도 관측소(지역 자체가 고지대),고지대,2024-2025
51210,42210,강원,속초시,2024,강원|속초시,False,자체,False,4208.0,0.0,0.0,4208.0,4208.0,4208.0,0.0,0.0,0.0,0,4208.0,0.9163846153846156,0.2787179487179484,False,4080.000000000001,0.3955395293132686,0.3604930551346725,False,False,False,False,True,False,,0.0,,0.0,False,671,속초조양,AWS,4.0,강원특별자치도 속초시 조양동,1.56417030402814,17480,4414.0,0.9995,0.0082,4932.0,0.563,374.0,0.1696,4841.0,5022.0,438.0,311.0,자체 지역명 대표 관측소,정상,2024-2025
51230,42230,강원,삼척시,2024,강원|삼척시,False,자체+광역,False,3215.0,32680.0,0.0,35895.0,3215.0,6405.89362659853,3190.89362659853,0.0,0.9104332079676836,3,35895.0,0.9309861932938857,0.2300460223537145,False,4080.000000000001,1.0,0.7690138067061143,False,True,True,False,False,False,,0.0,,0.0,False,876,삼척,AWS,57.07,강원특별자치도 삼척시 교동,0.0,17487,4416.0,1.0,0.0,4802.0,0.5481,446.0,0.2022,4698.0,4905.0,483.0,410.0,자체 지역명 대표 관측소,정상,2024-2025
51720,42720,강원,홍천군,2024,강원|홍천군,False,자체+정수수입,False,10254.0,0.0,33559.0,43813.0,10254.0,27033.5,0.0,16779.5,0.765959874922968,0,43813.0,0.6691413474240423,1.0,False,4080.000000000001,1.0,1.0,False,False,False,False,False,False,,0.0,,0.0,False,212,홍천,ASOS,140.2,강원특별자치도 홍천군 홍천읍 연봉리,0.0,16502,4415.0,0.9998,0.0034,4841.0,0.5526,348.0,0.1574,4662.0,5019.0,378.0,317.0,자체 지역명 대표 관측소,정상,2024-2025
51730,42730,강원,횡성군,2024,강원|횡성군,False,광역,False,,16832.0,0.0,16832.0,0.0,3941.326778814938,3941.326778814938,0.0,1.0,2,16832.0,,0.5,True,4080.000000000001,0.9120789908088894,0.7884552935662226,False,True,True,False,True,False,,0.0,,0.0,False,536,횡성,AWS,114.35,강원특별자치도 횡성군 횡성읍 읍하리,0.0,17526,4416.0,1.0,0.0016,4975.0,0.5679,342.0,0.1549,4950.0,5000.0,383.0,301.0,자체 지역명 대표 관측소,정상,2024-2025
51750,42750,강원,영월군,2024,강원|영월군,False,자체,False,-7744.0,0.0,0.0,0.0,0.0,0.0,0.0,0.0,,0,-7744.0,1.2659677419354838,0.0,False,4080.000000000001,0.0,0.0,True,True,False,True,True,False,,0.0,,800.0,False,121,영월,ASOS,240.54,강원특별자치도 영월군 영월읍 하송리,0.0,16786,4406.0,0.9977,0.0048,4843.0,0.5529,289.0,0.1307,4694.0,4992.0,202.0,375.0,자체 지역명 대표 관측소,정상,2024-2025
51760,42760,강원,평창군,2024,강원|평창군,False,자체,False,10526.0,0.0,0.0,10526.0,10526.0,10526.0,0.0,0.0,0.0,0,10526.0,0.7245758354755784,0.9180805484147389,False,4080.000000000001,0.7117782474068918,0.7736689377092458,False,False,False,False,True,False,,0.0,,0.0,False,526,평창,AWS,303.18,강원특별자치도 평창군 평창읍 여만리,0.0,17533,4407.0,0.998,0.0005,5250.0,0.5993,129.0,0.0582,5313.0,5186.0,127.0,130.0,자체 지역명 대표 관측소,정상,2024-2025
51770,42770,강원,정선군,2024,강원|정선군,False,자체+광역,False,-3717.0,32680.0,0.0,32680.0,0.0,11978.715151185936,11978.715151185936,0.0,1.0,3,28963.0,0.9703846153846156,0.0987179487179483,False,4080.000000000001,1.0,0.7296153846153844,False,True,True,False,True,False,,0.0,,5100.0,False,217,정선군,ASOS,312.0,강원특별자치도 정선군 정선읍 애산리,0.3790753487102999,16678,4411.0,0.9989,0.0,5098.0,0.582,300.0,0.1359,4987.0,5210.0,283.0,317.0,자체 지역명 대표 관측소,정상,2024-2025
51780,42780,강원,철원군,2024,강원|철원군,False,자체,False,751.0,0.0,0.0,751.0,751.0,751.0,0.0,0.0,0.0,0,751.0,0.9773795180722892,0.0754016064257023,False,4080.000000000001,0.0942964164877503,0.0,True,True,False,False,True,False,,0.0,,0.0,False,95,철원,ASOS,155.48,강원특별자치도 철원군 갈말읍 군탄리,0.0,16800,4416.0,1.0,0.0738,4826.0,0.5509,520.0,0.2355,4624.0,5027.0,565.0,475.0,자체 지역명 대표 관측소,정상,2024-2025
51790,42790,강원,화천군,2024,강원|화천군,False,자체,False,-2936.0,0.0,0.0,0.0,0.0,0.0,0.0,0.0,,0,-2936.0,1.3336363636363635,0.0,False,4080.000000000001,0.0,0.0,True,True,False,True,True,False,,0.0,,0.0,False,555,화천,AWS,109.21,강원특별자치도 화천군 하남면 거례리,0.0,17521,4416.0,1.0,0.0036,5022.0,0.5733,492.0,0.2231,5013.0,5031.0,512.0,473.0,자체 지역명 대표 관측소,정상,2024-2025
51800,42800,강원,양구군,2024,강원|양구군,False,자체,False,669.0,0.0,0.0,669.0,669.0,669.0,0.0,0.0,0.0,0,669.0,0.7310824742268042,0.8963917525773195,False,4080.000000000001,0.0847418884948494,0.0,True,True,False,False,True,False,,0.0,,1000.0,False,556,양구,AWS,187.57,강원특별자치도 양구군 양구읍 정림리,0.0,17536,4416.0,1.0,0.0018,5189.0,0.5923,243.0,0.1101,5234.0,5143.0,267.0,219.0,자체 지역명 대표 관측소,정상,2024-2025
51810,42810,강원,인제군,2024,강원|인제군,False,자체,False,11253.0,0.0,0.0,11253.0,11253.0,11253.0,0.0,0.0,0.0,0,11253.0,0.6690294117647059,1.0,False,4080.000000000001,0.7388884517008095,0.8172219161905667,False,False,False,False,True,False,,0.0,,3000.0,False,211,인제,ASOS,202.0,강원특별자치도 인제군 인제읍 남북리,0.0890000000004249,16741,4363.0,0.988,0.0,4978.0,0.5683,226.0,0.1022,4782.0,5175.0,338.0,113.0,자체 지역명 대표 관측소,정상,2024-2025
51820,42820,강원,고성군,2024,강원|고성군,False,자체,False,4274.0,0.0,0.0,4274.0,4274.0,4274.0,0.0,0.0,0.0,0,4274.0,0.8196610169491525,0.601129943502825,False,4080.000000000001,0.3999663403300808,0.460315421281904,False,False,False,False,True,False,,0.0,,0.0,False,661,현내,AWS,5.0,강원특별자치도 고성군 현내면 명파리,0.0,17509,4406.0,0.9977,0.0241,5027.0,0.5738,476.0,0.2157,4965.0,5088.0,510.0,442.0,자체 최저고도 관측소,정상,2024-2025
51830,42830,강원,양양군,2024,강원|양양군,False,자체,False,1578.0,0.0,0.0,1578.0,1578.0,1578.0,0.0,0.0,0.0,0,1578.0,0.9455862068965516,0.1813793103448276,False,4080.000000000001,0.1824873762794597,0.0,True,True,False,False,True,False,,0.0,,500.0,False,670,양양,AWS,7.0,강원특별자치도 양양군 양양읍 송암리,0.0,17523,4406.0,0.9977,0.0013,4933.0,0.5631,386.0,0.175,4824.0,5042.0,347.0,426.0,자체 지역명 대표 관측소,정상,2024-2025
52111,45111,전북,전주시 완산구,2024,전북|전주시,True,광역,False,,151920.0,0.0,151920.0,0.0,54977.720573688,54977.720573688,0.0,1.0,6,151920.0,,0.5,True,4080.000000000001,1.0,0.85,False,True,True,False,False,True,금강남부3차,15884.0,팔복,0.0,False,864,완산,AWS,54.51,전북특별자치도 전주시 완산구 남노송동,0.0,17526,4416.0,1.0,0.0,4533.0,0.5175,678.0,0.3073,4395.0,4671.0,739.0,618.0,자체 지역명 대표 관측소,정상,2024-2025
52113,45113,전북,전주시 덕진구,2024,전북|전주시,True,광역,False,,151920.0,0.0,151920.0,0.0,54977.720573688,54977.720573688,0.0,1.0,6,151920.0,,0.5,True,4080.000000000001,1.0,0.85,False,True,True,False,False,True,금강남부3차,15884.0,팔복,0.0,False,146,전주,ASOS,60.44,전북특별자치도 전주시 덕진구 덕진동2가,0.0,16780,4416.0,1.0,0.0,4229.0,0.4828,751.0,0.3404,3861.0,4597.0,785.0,718.0,자체 지역명 대표 관측소,정상,2024-2025
52130,45130,전북,군산시,2024,전북|군산시,False,광역,False,,151920.0,0.0,151920.0,0.0,54257.63289542786,54257.63289542786,0.0,1.0,6,151920.0,,0.5,True,4080.000000000001,1.0,0.85,False,True,True,False,False,True,"군산 하수재이용, 금강남부3차",45638.0,"K-water 군산, K-water 석성(공업)",0.0,False,140,군산,ASOS,27.85,전북특별자치도 군산시 금동,0.0,16787,4416.0,1.0,0.0035,4396.0,0.5018,798.0,0.3616,4060.0,4732.0,871.0,726.0,자체 지역명 대표 관측소,정상,2024-2025
52140,45140,전북,익산시,2024,전북|익산시,False,자체+광역,False,37237.0,151920.0,0.0,189157.0,37237.0,57892.58406157959,20655.584061579582,0.0,0.8031423632220853,6,189157.0,0.5862555555555555,1.0,False,4080.000000000001,1.0,1.0,False,False,False,False,False,True,금강남부3차,12659.0,신흥,0.0,False,702,익산,AWS,11.0,전북특별자치도 익산시 신흥동,0.0,17421,4404.0,0.9973,0.0019,4603.0,0.5255,642.0,0.2908,4527.0,4680.0,531.0,753.0,자체 지역명 대표 관측소,정상,2024-2025
52180,45180,전북,정읍시,2024,전북|정읍시,False,광역,False,,34688.0,0.0,34688.0,0.0,34688.0,34688.0,0.0,1.0,1,34688.0,,0.5,True,4080.000000000001,1.0,0.85,False,True,True,False,False,False,,0.0,,0.0,False,245,정읍,ASOS,68.7,전북특별자치도 정읍시 상평동,0.0,16791,4412.0,0.9991,0.0,4336.0,0.495,773.0,0.35,3990.0,4683.0,818.0,728.0,자체 지역명 대표 관측소,정상,2024-2025
52190,45190,전북,남원시,2024,전북|남원시,False,자체+광역,False,-686.0,7092.0,0.0,7092.0,0.0,3134.4020843971985,3134.4020843971985,0.0,1.0,5,6406.0,1.0457333333333334,0.0,False,4080.000000000001,0.562192457730301,0.3935347204112107,False,True,True,False,True,False,,0.0,,0.0,False,247,남원,ASOS,133.49,전북특별자치도 남원시 도통동,0.0,16746,4393.0,0.9948,0.0792,4384.0,0.5005,646.0,0.2927,4099.0,4669.0,680.0,613.0,자체 지역명 대표 관측소,정상,2024-2025
52210,45210,전북,김제시,2024,전북|김제시,False,광역,False,,151920.0,0.0,151920.0,0.0,8881.015764244385,8881.015764244385,0.0,1.0,6,151920.0,,0.5,True,4080.000000000001,1.0,0.85,False,True,True,False,False,True,금강남부3차,11088.0,K-water 석성(공업),0.0,False,737,김제,AWS,54.61,전북특별자치도 김제시 서암동,0.0,17522,4414.0,0.9995,0.036,4522.0,0.5163,828.0,0.3749,4465.0,4580.0,747.0,909.0,자체 지역명 대표 관측소,정상,2024-2025
52710,45710,전북,완주군,2024,전북|완주군,False,광역,False,,151920.0,0.0,151920.0,0.0,7153.091501927996,7153.091501927996,0.0,1.0,6,151920.0,,0.5,True,4080.000000000001,1.0,0.85,False,True,True,False,False,True,금강남부3차,13891.0,공단,0.0,False,734,완주,AWS,64.36,전북특별자치도 완주군 고산면 소향리,0.0,17438,4322.0,0.9787,0.0023,4593.0,0.5244,639.0,0.2893,4471.0,4716.0,669.0,609.0,자체 지역명 대표 관측소,정상,2024-2025
52720,45720,전북,진안군,2024,전북|진안군,False,자체+광역,False,-2257.0,0.0,0.0,0.0,0.0,0.0,0.0,0.0,,2,-2257.0,1.2191946308724833,0.0,False,4080.000000000001,0.0,0.0,True,True,False,True,True,True,금산Ⅱ,0.0,,0.0,False,703,진안,AWS,354.27,전북특별자치도 진안군 진안읍 반월리,0.0,17107,4394.0,0.995,0.0002,4940.0,0.564,242.0,0.1097,4977.0,4903.0,270.0,214.0,자체 지역명 대표 관측소,정상,2024-2025
52730,45730,전북,무주군,2024,전북|무주군,False,자체,False,-5191.0,0.0,0.0,0.0,0.0,0.0,0.0,0.0,,0,-5191.0,1.0570175438596492,0.0,False,4080.000000000001,0.0,0.0,True,True,False,True,True,False,,0.0,,0.0,False,701,무주,AWS,212.0,전북특별자치도 무주군 무주읍 당산리,0.0,17528,4415.0,0.9998,0.0021,4914.0,0.561,290.0,0.1311,4921.0,4907.0,355.0,224.0,자체 지역명 대표 관측소,정상,2024-2025
52740,45740,전북,장수군,2024,전북|장수군,False,광역,False,,7092.0,0.0,7092.0,0.0,1653.602368554422,1653.602368554422,0.0,1.0,5,7092.0,,0.5,True,4080.000000000001,0.562192457730301,0.5435347204112106,False,True,True,False,True,False,,0.0,,0.0,False,379,번암,AWS,292.0,전북특별자치도 장수군 번암면 노단리,0.0,17543,4416.0,1.0,0.0405,4869.0,0.5558,332.0,0.1506,4872.0,4866.0,359.0,306.0,자체 최저고도 관측소,정상,2024-2025
52750,45750,전북,임실군,2024,전북|임실군,False,자체+광역+정수수입,False,-2268.0,7092.0,0.0,7092.0,0.0,730.7195915913719,730.7195915913719,0.0,1.0,5,4824.0,1.2268,0.0,False,4080.000000000001,0.562192457730301,0.3935347204112107,False,True,True,False,True,False,,0.0,,0.0,False,244,임실,ASOS,247.04,전북특별자치도 임실군 임실읍 이도리,0.0,16800,4416.0,1.0,0.043,4547.0,0.5191,373.0,0.1687,4305.0,4790.0,409.0,336.0,자체 지역명 대표 관측소,정상,2024-2025
52770,45770,전북,순창군,2024,전북|순창군,False,자체+광역+정수수입,False,-1060.0,7092.0,0.0,7092.0,0.0,485.9310514442975,485.9310514442975,0.0,1.0,5,6032.0,1.1630769230769231,0.0,False,4080.000000000001,0.562192457730301,0.3935347204112107,False,True,True,False,True,False,,0.0,,0.0,False,254,순창군,ASOS,129.38,전북특별자치도 순창군 순창읍 교성리,0.0,16800,4416.0,1.0,0.0005,4531.0,0.5172,480.0,0.2176,4285.0,4777.0,512.0,449.0,자체 지역명 대표 관측소,정상,2024-2025
52790,45790,전북,고창군,2024,전북|고창군,False,광역,False,,11609.0,0.0,11609.0,0.0,5532.918873667829,5532.918873667829,0.0,1.0,2,11609.0,,0.5,True,4080.000000000001,0.7516984643117405,0.6761889250182184,False,True,True,False,True,True,금강남부3차,0.0,,0.0,False,172,고창,ASOS,52.42,전북특별자치도 고창군 대산면 매산리,0.0,16452,4415.0,0.9998,0.0,4460.0,0.5092,850.0,0.3847,4232.0,4689.0,871.0,828.0,자체 지역명 대표 관측소,정상,2024-2025
52800,45800,전북,부안군,2024,전북|부안군,False,자체+광역,False,1330.0,11609.0,0.0,12939.0,1330.0,7406.081126332171,6076.081126332171,0.0,0.8972099853157122,2,12939.0,0.525,1.0,False,4080.000000000001,0.7971122257898803,0.8579785580529162,False,True,True,False,True,True,금강남부3차,0.0,,0.0,False,243,부안,ASOS,12.2,전북특별자치도 부안군 행안면 역리,0.0,16792,4416.0,1.0,0.0,4314.0,0.4925,712.0,0.3222,3935.0,4693.0,783.0,640.0,자체 지역명 대표 관측소,정상,2024-2025
