연번,발전소명,설비 위치,위도,경도,담당부서,전화번호
1,장*태양광4호,"경기도 화성시 만세구 팔탄면 화당리 1-3,-36,-58,-69,-73,-74번지 (버들로1362번길 53-24)[건물 위]",37.12144395,126.8538574,환경사업소 신재생에너지과,031-5189-3508
2,장*태양광5호,"경기도 화성시 만세구 팔탄면 화당리 1,-68,-70번지 [건물 위] (버들로1362번길 53-20)",37.1217482,126.8534496,환경사업소 신재생에너지과,031-5189-3508
3,장*태양광6호,경기도 화성시 만세구 팔탄면 화당리 1-80번지 [건물 위] (버들로1362번길 67-20),37.12098497,126.8523417,환경사업소 신재생에너지과,031-5189-3508
4,우*태양광발전소3,경기도 화성시 만세구 장안면 석포리 675-5번지[건물 위](돌서지길 140),37.13648818,126.8407142,환경사업소 신재생에너지과,031-5189-1827
5,문*태양광발전소,경기도 화성시 효행구 정남면 문학리 366-4번지[건물 위] (문학로 118-2),37.15146244,126.9765968,환경사업소 신재생에너지과,031-5189-3508
6,대*태양광발전소,경기도 화성시 효행구 봉담읍 수기리 1-111[건물 위] (고시길 8-2),37.20413011,126.98242,환경사업소 신재생에너지과,031-5189-3508
7,수*태양광발전소,경기도 화성시 병점구 안녕동 180-69,37.2045477,126.9823692,환경사업소 신재생에너지과,031-5189-3508
8,방**2태양광발전소,경기도 화성시 효행구 정남면 신리 187-1번지[A동 건물 위] (함박안길13번길 8-8),37.1606721,126.9800698,환경사업소 신재생에너지과,031-5189-3508
9,미*태양광발전소,경기도 화성시 효행구 봉담읍 수기리 1-49번지[건물 위] (고시길 8-1),37.20430078,126.9822837,환경사업소 신재생에너지과,031-5189-3508
10,에**태양광발전소,경기도 화성시 효행구 정남면 음양리 441-6번지[건물위] (정남동로 190-2),37.14109556,127.0189935,환경사업소 신재생에너지과,031-5189-3508
11,주*태양광발전소,경기도 화성시 만세구 우정읍 주곡리 196-10번지 [1동 건물 위] (매바위로 155),37.12771901,126.8139746,환경사업소 신재생에너지과,031-5189-1827
12,삼**기공업태양광발전소,"경기도 화성시 만세구 장안면 석포리 731-21,-22번지[1동 건물 위] (석포로 283-6)",37.14199824,126.8330998,환경사업소 신재생에너지과,031-5189-1827
13,이*태양광발전소,경기도 화성시 만세구 장안면 독정리 862-8번지[건물 위](한천3길 33),37.06774595,126.8438519,환경사업소 신재생에너지과,031-5189-1827
14,에**발전소,경기도 화성시 만세구 송산면 용포리 652-1번지[토지],37.23187555,126.7404808,환경사업소 신재생에너지과,031-5189-1827
15,배*태양광발전소,"경기도 화성시 효행구 배양동 35-11, 35-28, 35-30번지[건물 위](배양북길 47-9, 47-13, 47-15)",37.22608618,126.9965859,환경사업소 신재생에너지과,031-5189-3508
16,애**이프태양광발전소,경기도 화성시 효행구 봉담읍 왕림리 331-24번지[건물 위](건배길 26-6),37.19493301,126.9440037,환경사업소 신재생에너지과,031-5189-3508
17,장**태양광발전소,"경기도 화성시 만세구 향남읍 관리 251, 251-1, 252, 252-3번지[건물 위](백토관리길 113-25, 113-27)",37.12694444,126.9449743,환경사업소 신재생에너지과,031-5189-3508
18,삼*태양광발전소,경기도 화성시 효행구 정남면 제기리 181-16번지[건물 위](제기길 137),37.13941614,127.0116967,환경사업소 신재생에너지과,031-5189-3508
19,대*태양광발전소,"경기도 화성시 만세구 양감면 대양리 1114, 1114-3번지[건물 위](두머리길 14, 14-1)",37.09751067,126.9405865,환경사업소 신재생에너지과,031-5189-3508
20,금**태양광발전소,"경기도 화성시 만세구 장안면 석포리 629-1, 647-1, 649, 649-1번지[건물 위](돌서지길 85, 1동)",37.13954343,126.8357786,환경사업소 신재생에너지과,031-5189-1827
21,금**태양광발전소,"경기도 화성시 만세구 장안면 석포리 629-1, 647-1, 649, 649-1, 650번지[건물 위](돌서지길 85, 2동, 4동)",37.13954343,126.8357786,환경사업소 신재생에너지과,031-5189-1827
22,망*태양광발전소,경기도 화성시 만세구 팔탄면 하저리 92번지[건물 위],37.19366734,126.872859,환경사업소 신재생에너지과,031-5189-3508
23,더**1호태양광발전소,"경기도 화성시 만세구 장안면 독정리 802-4,-17번지[토지]",37.07332693,126.845705,환경사업소 신재생에너지과,031-5189-1827
24,더**2호태양광발전소,경기도 화성시 만세구 장안면 독정리 802-3번지[토지],37.072703,126.8456876,환경사업소 신재생에너지과,031-5189-1827
25,더**3호태양광발전소,경기도 화성시 만세구 장안면 독정리 802-2번지[토지],37.07283772,126.8453612,환경사업소 신재생에너지과,031-5189-1827
26,더**4호태양광발전소,"경기도 화성시 만세구 장안면 독정리 802-16,-18번지[토지]",37.07272937,126.8451928,환경사업소 신재생에너지과,031-5189-1827
27,더**5호태양광발전소,경기도 화성시 만세구 장안면 독정리 802-13번지[토지],37.0726479,126.8449118,환경사업소 신재생에너지과,031-5189-1827
28,에**이티지태양광발전소 → 제이에스리싸이클링태양광발전소,"경기도 화성시 만세구 양감면 대양리 769-22, -31번지[건물 위] (제약단지로 237-48)",37.0918556,126.9342142,환경사업소 신재생에너지과,031-5189-3508
29,바**태양광발전소,경기도 화성시 효행구 정남면 귀래리 502-1번지[토지 및 건물] (내향로 214-17),37.13389538,126.9893275,환경사업소 신재생에너지과,031-5189-3508
30,보*태양광발전소,"경기도 화성시 효행구 정남면 보통리 210-4, -8번지[건물 위] (세자로 183, 가, 다동)",37.1846334,126.9758203,환경사업소 신재생에너지과,031-5189-3508
31,㈜**세원2호태양광발전소,"경기도 화성시 만세구 향남읍 구문천리 922-4번지[건물 위] (발안공단로 170, 2동)",37.08675994,126.9006435,환경사업소 신재생에너지과,031-5189-3508
32,율**호태양광발전소,"경기도 화성시 만세구 팔탄면 율암리 398-6, -85번지[건물 위] (시청로 790-21, 790-25)",37.16759046,126.8763973,환경사업소 신재생에너지과,031-5189-3508
33,율**호태양광발전소,"경기도 화성시 만세구 팔탄면 율암리 398-87, -88번지[건물 위] (시청로 790-31, 790-35)",37.16746308,126.8761731,환경사업소 신재생에너지과,031-5189-3508
34,한**태양광발전소,경기도 화성시 만세구 향남읍 하길리 1406-24번지[건물 위] (발안공단로2길 77),37.08416064,126.9144355,환경사업소 신재생에너지과,031-5189-3508
35,신*태양광발전소,"경기도 화성시 만세구 송산면 신천리 274-1, -3번지[토지]",37.25012605,126.7153163,환경사업소 신재생에너지과,031-5189-1827
36,정**태양광발전소,"경기도 화성시 만세구 팔탄면 서근리 79, 80번지[건물 위] (대평안길 66-16, 1, 2동)",37.13425505,126.8476576,환경사업소 신재생에너지과,031-5189-3508
37,구*태양광발전소,경기도 화성시 만세구 향남읍 구문천리 314번지[토지],37.08984099,126.8937468,환경사업소 신재생에너지과,031-5189-3508
38,광**수강태양광발전소,경기도 화성시 만세구 팔탄면 하저리 401번지[건물 위] (현대기아로556번길 160,37.1941672,126.8668493,환경사업소 신재생에너지과,031-5189-3508
39,한**태양광발전소,경기도 화성시 만세구 장안면 석포리 665-47번지[건물 위] (돌서지길 139),37.13731593,126.8404368,환경사업소 신재생에너지과,031-5189-1827
40,한**태양광발전소,경기도 화성시 만세구 장안면 석포리 665-48번지[건물 위] (돌서지길 141-1),37.13698481,126.8408675,환경사업소 신재생에너지과,031-5189-1827
41,병*태양광발전소,"경기도 화성시 효행구 정남면 괘랑리 1078-1, -5번지[건물 및 토지]",37.17755742,126.9825789,환경사업소 신재생에너지과,031-5189-3508
42,하**리태양광발전소,"경기도 화성시 만세구 우정읍 호곡리 959-2, -5번지[토지]",37.10634013,126.7650007,환경사업소 신재생에너지과,031-5189-1827
43,고**리태양광발전소,"경기도 화성시 만세구 우정읍 호곡리 959-2, -5번지[토지]",37.10634013,126.7650007,환경사업소 신재생에너지과,031-5189-1827
44,디**태양광발전소,경기도 화성시 효행구 정남면 계향리 409번지[건물 위](계향문학길 6),37.15227612,126.977143,환경사업소 신재생에너지과,031-5189-3508
45,화*태양광발전소 → 에이치태양광발전소,경기도 화성시 효행구 정남면 귀래리 456-5번지 [건물 위](만년로 68-34),37.13263809,126.9862399,환경사업소 신재생에너지과,031-5189-3508
46,백**운태양광발전소,경기도 화성시 만세구 송산면 봉가리 146-2번지[건물 위] (삼일공원로 122),37.21383462,126.7394986,환경사업소 신재생에너지과,031-5189-1827
47,율**호태양광발전소,경기도 화성시 만세구 팔탄면 율암리 398-17번지[건물 위] (시청로 790-3),37.16786162,126.8782536,환경사업소 신재생에너지과,031-5189-3508
48,유**태양광발전소,경기도 화성시 효행구 봉담읍 수기리 1-86번지[건물 위] (오궁길 30-4),37.20474056,126.9797902,환경사업소 신재생에너지과,031-5189-3508
49,유**태양광발전소,경기도 화성시 효행구 봉담읍 수기리 1-93번지[건물 위] (오궁길 31-6),37.20455811,126.9792956,환경사업소 신재생에너지과,031-5189-3508
50,자**태양광발전소,"경기도 화성시 만세구 팔탄면 가재리 54번지[토지, 주차장]",37.15315243,126.9306159,환경사업소 신재생에너지과,031-5189-3508
51,비**티범우태양광발전소,경기도 화성시 만세구 장안면 석포리 718-106번지[건물 위] (매바위로366번길 8),37.14392845,126.8174765,환경사업소 신재생에너지과,031-5189-1827
52,명*태양광발전소,경기도 화성시 효행구 봉담읍 수기리 1-65번지[건물 위] (고시길 31-36),37.20481519,126.9803644,환경사업소 신재생에너지과,031-5189-3508
53,매**리태양광발전소,경기도 화성시 만세구 우정읍 매향리 753-26번지[건물 위] (띨뿌리2길 31-5),37.03835589,126.7677104,환경사업소 신재생에너지과,031-5189-1827
54,덕*태양광발전소,"경기도 화성시 만세구 팔탄면 덕천리 67-8, -9번지[건물 위] (온천로 415, 417)",37.15280394,126.8791652,환경사업소 신재생에너지과,031-5189-3508
55,박**태양광발전소,"경기도 화성시 만세구 팔탄면 서근리 48-5, -9번지[건물 위](석포로 10-2)",37.13163126,126.8426364,환경사업소 신재생에너지과,031-5189-3508
56,박**태양광발전소,"경기도 화성시 만세구 팔탄면 서근리 29-10, -34, -2, -35, 32-34, 29-37, -25, -33, 32-21번지[건물 위](석포로 68-42, 68-44, 68-46)",37.13528436,126.8446989,환경사업소 신재생에너지과,031-5189-3508
57,향*태양광발전소,경기도 화성시 효행구 정남면 귀래리 476-1번지[건물 위] (내향로 188-12),37.13571468,126.9889663,환경사업소 신재생에너지과,031-5189-3508
58,에*태양광발전소,경기도 화성시 만세구 향남읍 관리 167-5번지[건물 위] (귓골2길 21-8),37.12912042,126.9476716,환경사업소 신재생에너지과,031-5189-3508
59,정*태양광발전소,경기도 화성시 만세구 팔탄면 고주리 17번지[건물 위] (터넉골로 143),37.13804884,126.8862665,환경사업소 신재생에너지과,031-5189-3508
60,장**호태양광발전소,"경기도 화성시 만세구 팔탄면 화당리 1-83, 3번지[건물 위] (버들로1362번길 67-28)",37.12024231,126.8533498,환경사업소 신재생에너지과,031-5189-3508
61,장**호태양광발전소,"경기도 화성시 만세구 팔탄면 화당리 1-84, 3-2번지[건물 위] (버들로1362번길 67-32)",37.12052369,126.8537076,환경사업소 신재생에너지과,031-5189-3508
62,서**앤씨,"경기도 화성시 만세구 팔탄면 서근리 182, -1번지[건물 위] (버들로 1351-13, 1351-14)",37.12812982,126.8550389,환경사업소 신재생에너지과,031-5189-3508
63,지**전소,경기도 화성시 만세구 팔탄면 덕천리 257-2번지[건물 위] (터넉골로 61),37.14179488,126.8786134,환경사업소 신재생에너지과,031-5189-3508
64,방**태양광발전소 → 명*태양광발전소 → 방**태양광발전소,경기도 화성시 만세구 팔탄면 노하리 456-1번지[건물 위] (노하길 170 1동),37.15633419,126.8516236,환경사업소 신재생에너지과,031-5189-3508
65,경**태양광발전소,"경기도 화성시 만세구 장안면 석포리 763-6번지[건물 위] (석포로 312-33 가,나,다동)",37.14405611,126.8271927,환경사업소 신재생에너지과,031-5189-1827
66,경**태양광발전소,"경기도 화성시 만세구 장안면 석포리 763-6,-10번지[건물 위] (석포로 312-33 1,2,3동, 312-30)",37.14405611,126.8271927,환경사업소 신재생에너지과,031-5189-1827
67,정*태양광발전소,"경기도 화성시 효행구 정남면 문학리 174-1번지[건물 위](동오4길 9-39, 1동)",37.14604952,126.9635045,환경사업소 신재생에너지과,031-5189-3508
68,드**태양광발전소,경기도 화성시 만세구 송산면 사강리 196번지[건물 위](송산로152번길 21),37.22192344,126.7206052,환경사업소 신재생에너지과,031-5189-1827
69,청*태양광발전소,경기도 화성시 만세구 양감면 신왕리 53-16번지[토지],37.06932069,126.9582974,환경사업소 신재생에너지과,031-5189-3508
70,유**태양광발전소,경기도 화성시 만세구 장안면 석포리 688-43번지[건물 위] (석포로 236-5 2동),37.14612871,126.8350679,환경사업소 신재생에너지과,031-5189-1827
71,남**석구태양광발전소,"경기도 화성시 만세구 남양읍 무송리 558, -1번지[건물 위] (현대기아로 284, 284-1) ",37.17556143,126.8451285,환경사업소 신재생에너지과,031-5189-1827
72,재*태양광발전소,"경기도 화성시 효행구 정남면 수면리 66, 66-4번지[건물 위] (안념길 204-13, 204-4)",37.16002446,127.021036,환경사업소 신재생에너지과,031-5189-3508
73,H**PY태양광발전소,경기도 화성시 만세구 서신면 송교리 435번지[건물 위] (제부로 327-5),37.16666634,126.6609369,환경사업소 신재생에너지과,031-5189-1827
74,환**라1호,"경기도 화성시 효행구 정남면 덕절리 419번지[건물 위] (정남동로207번길 17, 1동)",37.13941239,127.0173828,환경사업소 신재생에너지과,031-5189-3508
75,환**라2호,"경기도 화성시 효행구 정남면 덕절리 419번지[건물 위] (정남동로207번길 17, 1,3,4동)",37.13941239,127.0173828,환경사업소 신재생에너지과,031-5189-3508
76,민**광발전소,경기도 화성시 만세구 남양읍 남양리 남양뉴타운13블록3로트(1673-3번지)[건물 위] (시청로45번길 3-9),37.20615731,126.82064,환경사업소 신재생에너지과,031-5189-1827
77,뉴**빌태양광발전소,경기도 화성시 효행구 정남면 보통리 137-10번지[건물 위] (세자로 276-29),37.19139677,126.9811549,환경사업소 신재생에너지과,031-5189-3508
78,태**계태양광발전소,경기도 화성시 만세구 남양읍 북양리 506-41번지[건물 위] (주석로175번길 21-21),37.21748163,126.8542903,환경사업소 신재생에너지과,031-5189-1827
79,혜**리발전소,경기도 화성시 효행구 정남면 백리 119번지[건물 위] (백리양지길 3),37.16907124,126.9535873,환경사업소 신재생에너지과,031-5189-3508
80,한*태양광발전소,"경기도 화성시 만세구 장안면 석포리 761-6,-51,-52번지[건물 위] (석포로 339-4)",37.14263497,126.8261469,환경사업소 신재생에너지과,031-5189-1827
81,수*태양광발전소,"경기도 화성시 만세구 장안면 독정리 749-2,-3, 758-26번지[건물 위] (장안로 320, 1동)",37.08257136,126.8498784,환경사업소 신재생에너지과,031-5189-1827
82,기*태양광발전소,경기도 화성시 만세구 장안면 독정리 758-25번지[건물 위] (장안로 318),37.08263186,126.8494053,환경사업소 신재생에너지과,031-5189-1827
83,에**네이처02호태양광발전소,"경기도 화성시 효행구 비봉면 양노리 738-3, -33번지[건물 위] (양노남길 140, 134-21)",37.21827585,126.8695333,환경사업소 신재생에너지과,031-5189-1827
84,돌**태양광발전소,"경기도 화성시 만세구 송산면 신천리 256, 257번지[토지]",37.25187153,126.714284,환경사업소 신재생에너지과,031-5189-1827
85,해**기1태양광발전소,"경기도 화성시 만세구 송산면 천등리 288, 289번지[토지]",37.24123692,126.7024234,환경사업소 신재생에너지과,031-5189-1827
86,해**기2태양광발전소,"경기도 화성시 만세구 송산면 천등리 288, 289, 290번지[토지]",37.24123692,126.7024234,환경사업소 신재생에너지과,031-5189-1827
87,해**기3태양광발전소,"경기도 화성시 만세구 송산면 천등리 288, 289, 290, 291번지[토지]",37.24123692,126.7024234,환경사업소 신재생에너지과,031-5189-1827
88,광*태양광발전소,경기도 화성시 효행구 봉담읍 마하리 351-4번지[건물 위] (시청로 1502-8),37.17619953,126.9435102,환경사업소 신재생에너지과,031-5189-3508
89,보**리태양광발전소,"경기도 화성시 효행구 봉담읍 수기리 1-129, 안녕동 180-488번지[건물 위] (고시길 14-4)",37.20467931,126.9822698,환경사업소 신재생에너지과,031-5189-3508
90,석**리태양광발전소2,"경기도 화성시 만세구 우정읍 석천리 76, 77번지[토지]",37.0533111,126.7870683,환경사업소 신재생에너지과,031-5189-1827
91,송*태양광발전소,경기도 화성시 만세구 남양읍 송림리 689번지[토지],37.21730009,126.8129745,환경사업소 신재생에너지과,031-5189-1827
92,지*태양광발전소,경기도 화성시 효행구 비봉면 양노리 709-5번지[건물 위] (현대기아로 795),37.21843937,126.8580241,환경사업소 신재생에너지과,031-5189-1827
93,청*태양광발전소,경기도 화성시 만세구 양감면 용소리 610-5번지 (용소말길 65),37.07815046,126.9890266,환경사업소 신재생에너지과,031-5189-3508
94,시**테크태양광발전소,경기도 화성시 병점구 반정동 140-4번지[건물 위] (반정로 140-5),37.2333698,127.0387113,환경사업소 신재생에너지과,031-5189-3508
95,S*태양광발전소1호,경기도 화성시 만세구 팔탄면 화당리 1-71번지[건물 위] (버들로1362번길 67-31),37.12105249,126.8531516,환경사업소 신재생에너지과,031-5189-3508
96,S*태양광발전소3호,"경기도 화성시 만세구 팔탄면 화당리 1-37, -72번지[건물 위] (버들로1362번길 67-33)",37.12132474,126.8534869,환경사업소 신재생에너지과,031-5189-3508
97,준*태양광발전소,경기도 화성시 효행구 비봉면 쌍학리 105번지[건물 위] (쌍학길 131-7),37.24021343,126.9003213,환경사업소 신재생에너지과,031-5189-1827
98,정*태양광발전소,"경기도 화성시 만세구 송산면 마산리 48, 49, 50번지[토지]",37.24004197,126.6932545,환경사업소 신재생에너지과,031-5189-1827
99,S*태양광발전소4호,경기도 화성시 만세구 팔탄면 화당리 1-81번지[건물 위] (버들로1362번길 67-24),37.12070727,126.8526592,환경사업소 신재생에너지과,031-5189-3508
100,S*태양광발전소5호,경기도 화성시 만세구 팔탄면 화당리 1-82번지[건물 위] (버들로1362번길 67-26),37.12051958,126.8529535,환경사업소 신재생에너지과,031-5189-3508
101,S*태양광발전소2호,"경기도 화성시 만세구 팔탄면 화당리 1-35, -67[건물 위] (버들로1362번길 67-19)",37.12132983,126.8527665,환경사업소 신재생에너지과,031-5189-3508
102,홍**태양광발전소,경기도 화성시 만세구 양감면 신왕리 29번지[건물 위],37.07476082,126.9604634,환경사업소 신재생에너지과,031-5189-3508
103,김**태양광발전소 → 김**발전소,경기도 화성시 효행구 봉담읍 분천리 332-23번지[토지],37.20712254,126.9522988,환경사업소 신재생에너지과,031-5189-3508
104,김**태양광발전소,"경기도 화성시 만세구 양감면 대양리 829-3, 829-8번지 [건물 위] (윗생이길 29-9)",37.09062906,126.9397819,환경사업소 신재생에너지과,031-5189-3508
105,이**태양광발전소,경기도 화성시 만세구 팔탄면 하저리 388 외 4필지[건물 위],37.19160229,126.8693044,환경사업소 신재생에너지과,031-5189-3508
106,㈜**엔지니어링 태양광발전소,경기도 화성시 만세구 장안면 장안리 산41-1 -> 107-14로 지번 분할,37.05906691,126.8574085,환경사업소 신재생에너지과,031-5189-1827
107,전**씨 덕흥대원군 밀산군파종중 태양광발전소,경기도 화성시 만세구 우정읍 주곡리 811-18,37.13890732,126.8096401,환경사업소 신재생에너지과,031-5189-1827
108,에**테크태양광발전소,"경기도 화성시 만세구 장안면 수촌리 265-34, 265-42",37.09316394,126.8550091,환경사업소 신재생에너지과,031-5189-1827
109,케**씨태양광발전소,"경기도 화성시 만세구 장안면 금의리 629-12, 629-14",37.10308944,126.8371999,환경사업소 신재생에너지과,031-5189-1827
110,썬** 태양광발전소,"경기도 화성시 만세구 장안면 장안리 26-2, 26-3",37.0573135,126.8681374,환경사업소 신재생에너지과,031-5189-1827
111,대**공장 발전소,"경기도 화성시 만세구 남양읍 남양리 1007-4, 1007-5, 1007-82(건물 위)",37.1981335,126.7959131,환경사업소 신재생에너지과,031-5189-1827
112,규**태양광발전소,"경기도 화성시 만세구 장안면 은골길30번길 42-12, 42-13, 42-15, 42-16(건물 위)",37.09090787,126.8349655,환경사업소 신재생에너지과,031-5189-1827
113,명**업 태양광발전소,경기도 화성시 만세구 우정읍 이화리 698,37.0417998,126.7976112,환경사업소 신재생에너지과,031-5189-1827
114,에**스티동탄 태양광발전소,경기도 화성시 방교동 832-8(동탄면 동탄산단6길 15-23)(건물위),37.1710384,127.0878193,환경사업소 신재생에너지과,031-5189-3508
115,수**눔햇빛발전소 8호기,경기도 화성시 병점구 송산동 5-1(태안로 263)(초침지 상부),37.21451483,127.0211313,환경사업소 신재생에너지과,031-5189-3508
116,인**라㈜7호 태양광발전소,경기도 화성시 동탄구 동탄산단2길 47(건물위),37.16278136,127.0877853,환경사업소 신재생에너지과,031-5189-3508
117,허**태양광발전소,경기도 화성시 만세구 장안면 독정리 635-2[건물 및 토지],37.07899506,126.8569179,환경사업소 신재생에너지과,031-5189-1827
118,승*태양광발전소,경기도 화성시 만세구 팔탄면 창곡리 1015-7[건물 위],37.17662752,126.8912265,환경사업소 신재생에너지과,031-5189-3508
119,제**이에스피에스태양광발전소,경기도 화성시 효행구 정남면 문학리 238-4번지[건물 위](문학로30번길 45-16),37.15145668,126.9652118,환경사업소 신재생에너지과,031-5189-3508
120,대*태양광발전소,"경기도 화성시 만세구 팔탄면 창곡리 1015 외 5필지[건물 위] (1015, -1, -6, -13, -14 ,-15)",37.17663277,126.8904943,환경사업소 신재생에너지과,031-5189-3508
121,운**태양광발전소,"경기도 화성시 만세구 우정읍 운평리 515-2, 515-2, 514-2[토지 및 건물](발라곳1길 54-6)",37.0738933,126.7727011,환경사업소 신재생에너지과,031-5189-1827
122,석**태양광발전소,경기도 화성시 만세구 우정읍 석천리 485번지[토지],37.05712368,126.7784546,환경사업소 신재생에너지과,031-5189-1827
123,장**호태양광발전소,경기도 화성시 만세구 팔탄면 서근리 211 외 7필지[건물 위](버들로1362번길 10-12) ,37.12571624,126.8537873,환경사업소 신재생에너지과,031-5189-3508
124,주*태양광발전소,경기도 화성시 만세구 우정읍 주곡리 161-187[건물 위] (쌍봉로 634-95),37.12821283,126.802825,환경사업소 신재생에너지과,031-5189-1827
125,그**호태양광발전소,경기도 화성시 만세구 향남읍 관리 246-3[건물 위] (백토관리길 113-112),37.12623724,126.9441014,환경사업소 신재생에너지과,031-5189-3508
126,그**호태양광발전소,경기도 화성시 만세구 향남읍 관리 247-1[건물 위] (백토관리길 113-114),37.12600257,126.9440355,환경사업소 신재생에너지과,031-5189-3508
127,에**사태양광발전소,"경기도 화성시 만세구 남양읍 북양리 61-2번지[건물위] (화성로 1483-17 가,나동)",37.2243755,126.8424973,환경사업소 신재생에너지과,031-5189-1827
128,노*태양광1호,"경기도 화성시 만세구 팔탄면 서근리 205-5 외 3필지(205-40,204-17,204-12)[건물 위] (버들로1362번길 41)",37.12350501,126.853277,환경사업소 신재생에너지과,031-5189-3508
129,평**정태양광발전소,경기도 화성시 만세구 팔탄면 가재리 223-4[건물 위] (삼천병마로 482-24),37.15145878,126.9270813,환경사업소 신재생에너지과,031-5189-3508
130,우**업3호태양광발전소,"경기도 화성시 만세구 남양읍 북양리 500-6[건물 위] (주석로 184번길 12, 2동)",37.214827,126.8501653,환경사업소 신재생에너지과,031-5189-1827
131,대**호태양광발전소,경기도 화성시 만세구 송산면 고포리 623[건물 위] (송산포도로 692),37.23583243,126.6819402,환경사업소 신재생에너지과,031-5189-1827
132,서*태양광발전소,경기도 화성시 만세구 양감면 요당리 409[토지],37.07117303,126.9181861,환경사업소 신재생에너지과,031-5189-3508
133,북*태양광발전소,"경기도 화성시 만세구 남양읍 북양리 630-1, -2[건물 위] (현대기아로 631, 627)",37.2048461,126.8530118,환경사업소 신재생에너지과,031-5189-1827
134,권**태양광발전소,"경기도 화성시 효행구 정남면 보통리 298-3, 297-3,-5, 299-3,-7,-8, 297-1,-4,-8[건물 위] (보통내길 21, 29-1)",37.18036233,126.9752588,환경사업소 신재생에너지과,031-5189-3508
135,안**태양광발전소,"경기도 화성시 만세구 팔탄면 노하리 995, 996[건물 위] (석포로 170-15 A)",37.14405643,126.8449498,환경사업소 신재생에너지과,031-5189-3508
136,안**태양광발전소,"경기도 화성시 만세구 팔탄면 노하리 995, 996[건물 위] (석포로 170-15 B동)",37.14405643,126.8449498,환경사업소 신재생에너지과,031-5189-3508
137,영*태양광발전소,경기도 화성시 만세구 팔탄면 창곡리 855-2[건물 위] (독곡길 79),37.17941169,126.8910014,환경사업소 신재생에너지과,031-5189-3508
138,주**사보아스이엔지,"경기도 화성시 효행구 정남면 계향리 540, 540-6[건물 위] (내향로 82-9, 82-7)",37.14583659,126.9845854,환경사업소 신재생에너지과,031-5189-3508
139,성**호 태양광발전소,"경기도 화성시 만세구 남양읍 무송리 273-1, -2, -3[건물 위](현대기아로 338)",37.18047514,126.8453227,환경사업소 신재생에너지과,031-5189-1827
140,윤**태양광발전소,"경기도 화성시 만세구 마도면 청원리 224-5[건물 위] (마도로 523, 1동)",37.18865837,126.7607972,환경사업소 신재생에너지과,031-5189-1827
141,문**태양광발전소,경기도 화성시 효행구 정남면 문학리 366-21[건물 위] (문학로 118-4),37.15122281,126.97635,환경사업소 신재생에너지과,031-5189-3508
142,수**통태양광발전소,경기도 화성시 효행구 매송면 원평리 79-2[건물 위] (화성로 2381번길 22-9),37.25104852,126.927715,환경사업소 신재생에너지과,031-5189-1827
143,스**태양광발전소 →스카이정보통신,경기도 화성시 효행구 봉담읍 마하리 205[건물 위] (시청로 1467),37.17689905,126.9408353,환경사업소 신재생에너지과,031-5189-3508
144,예*태양광,경기도 화성시 만세구 팔탄면 구장리 949-37[건물 위] (덕우공단2길 49-25),37.15443686,126.9166981,환경사업소 신재생에너지과,031-5189-3508
145,토*태양광발전소,경기도 화성시 만세구 우정읍 운평리 797[토지],37.08839466,126.7667551,환경사업소 신재생에너지과,031-5189-1827
146,동*태양광,"경기도 화성시 만세구 송산면 봉가리 480-8, 498-1, 498-5, 499-10[건물 위](마도북로 56-4, 가동)",37.20753381,126.739483,환경사업소 신재생에너지과,031-5189-1827
147,백**태양광발전소,"경기도 화성시 만세구 팔탄면 가재리 78, 79-1, 79-5, 80-1[건물 위](신양1길133 3동)",37.15060661,126.9335741,환경사업소 신재생에너지과,031-5189-3508
148,그**호태양광발전소,경기도 화성시 만세구 향남읍 관리 247-3[건물 위] (백토관리길 113-116 A동),37.12573337,126.9442964,환경사업소 신재생에너지과,031-5189-3508
149,그**호태양광발전소,경기도 화성시 만세구 향남읍 관리 247-3[건물 위] (백토관리길 113-116 B동),37.12573337,126.9442964,환경사업소 신재생에너지과,031-5189-3508
150,대**전소1호,경기도 화성시 효행구 정남면 문학리 483[건물 위] (서봉로 921번길 27-14),37.1555763,126.963257,환경사업소 신재생에너지과,031-5189-3508
151,D**M 태양광발전소,"경기도 화성시 만세구 향남읍 동오리 697-7[건물 위] (서봉로 651-11 A, B동)",37.13477051,126.9531247,환경사업소 신재생에너지과,031-5189-3508
152,나**너지,"경기도 화성시 만세구 남양읍 온석리 82-1[건물 위] (무하로110번길 97, A동)",37.17543896,126.8556733,환경사업소 신재생에너지과,031-5189-1827
153,드**크,경기도 화성시 효행구 정남면 문학리 136-4[건물 위] (문학로 68번가길 27-3),37.14779333,126.9684131,환경사업소 신재생에너지과,031-5189-3508
154,송**태양광발전소,"경기도 화성시 만세구 양감면 송산리 531 외 1필지[건물 위] (정문송산로 227 1, 2, 3동)",37.11194002,126.9879555,환경사업소 신재생에너지과,031-5189-3508
155,오**진보링,"경기도 화성시 효행구 정남면 음양리 645-9[건물 위] (정남동로 184 가, 나동)",37.14090837,127.0195126,환경사업소 신재생에너지과,031-5189-3508
156,신*태양광발전소,경기도 화성시 효행구 봉담읍 수기리 59-5[건물 위] (쇠틀길 62 1. 2동),37.20070399,126.976088,환경사업소 신재생에너지과,031-5189-3508
157,대**아발전소,"경기도 화성시 효행구 정남면 문학리 178[건물 위] (동오4길 9-47 A, B동)",37.14657558,126.9642214,환경사업소 신재생에너지과,031-5189-3508
158,안*태양광발전소,"경기도 화성시 효행구 봉담읍 수기리10-4[건물 위] (최루백로 440, 나동)",37.19973756,126.9817965,환경사업소 신재생에너지과,031-5189-3508
159,스**팩토리태양광발전소,경기도 화성시 효행구 정남면 계향리 550-1[건물 위] (내향로 83),37.14490326,126.9855376,환경사업소 신재생에너지과,031-5189-3508
160,㈜**이엔씨태양광발전소,경기도 화성시 만세구 장안면 석포리 662[건물 위] (돌서지길 102),37.13808624,126.8379418,환경사업소 신재생에너지과,031-5189-1827
161,우*태양광발전소,"경기도 화성시 효행구 정남면 귀래리 456-3[건물 위] (만년로 68-41 A.B,C동)",37.13301165,126.9871606,환경사업소 신재생에너지과,031-5189-3508
162,그**호태양광발전소,"경기도 화성시 만세구 향남읍 관리 246-21[건물 위]   (백토관리길 113-84 1,2동)",37.12657464,126.9430069,환경사업소 신재생에너지과,031-5189-3508
163,상**스템태양광발전소,"경기도 화성시 만세구 향남읍 동오리 639-6, 639-10, 115-18, 118-4, 641, 642-1, 643[건물 위]  (발안로 499-26 1,2,3동) ",37.13396253,126.9617209,환경사업소 신재생에너지과,031-5189-3508
164,태**전소,경기도 화성시 효행구 정남면 내리 160-6[건물 위] (안념길 121-28),37.15510556,127.017283,환경사업소 신재생에너지과,031-5189-3508
165,보**1호기 태양광발전소,"경기도 화성시 만세구 마도면 두곡리 487-2[건물 위] (화성로 899 1,2동)",37.20390861,126.7870515,환경사업소 신재생에너지과,031-5189-1827
166,보**2호기 태양광발전소,"경기도 화성시 만세구 마도면 두곡리 487-2[건물 위] (화성로 899 1,2동)",37.20390861,126.7870515,환경사업소 신재생에너지과,031-5189-1827
167,영*태양광발전소,경기도 화성시 만세구 송산면 천등리 266번지 [토지],37.24226277,126.7019009,환경사업소 신재생에너지과,031-5189-1827
168,대*태양광발전소,"경기도 화성시 효행구 정남면 문학리 475-3[건물 위] (서봉로 897, A동)",37.15435343,126.9639301,환경사업소 신재생에너지과,031-5189-3508
169,대*태양광발전소,경기도 화성시 효행구 정남면 보통리 193-1[건물 위] (괘랑보통길 143),37.18590235,126.9800433,환경사업소 신재생에너지과,031-5189-3508
170,인*태양광발전소,"경기도 화성시 만세구 팔탄면 서근리 108, 106-1, 108-1[건물 위](서근내길 14-61, 52-10)",37.13257396,126.8484826,환경사업소 신재생에너지과,031-5189-3508
171,선*태양광발전소,"경기도 화성시 만세구 우정읍 운평리 95-8[건물 위] (버들로 253-2 1,2동)",37.08358102,126.7871449,환경사업소 신재생에너지과,031-5189-1827
172,B*태양광발전소1호,"경기도 화성시 효행구 정남면 오일리 369[건물 위] (여의동길 56 A,B동)",37.1692442,126.9658186,환경사업소 신재생에너지과,031-5189-3508
173,형*태양광발전소,"경기도 화성시 효행구 비봉면 쌍학리 448-8[건물 위] (쌍학안길 94 가,나,다동)",37.2380635,126.892345,환경사업소 신재생에너지과,031-5189-1827
174,성*태양광발전소,"경기도 화성시 만세구 향남읍 하길리 1408-14[건물 위]  (발안공단로2길 9 1, 2동)",37.08961373,126.9125144,환경사업소 신재생에너지과,031-5189-3508
175,임**엘태양광발전소,경기도 화성시 만세구 송산면 고정리 289-2[토지],37.24206866,126.7541387,환경사업소 신재생에너지과,031-5189-1827
176,케**태양광발전소,"경기도 화성시 효행구 봉담읍 마하리 298, 298-5[건물 위] (상방길 30-2, 30-4 가동)",37.17721422,126.9484594,환경사업소 신재생에너지과,031-5189-3508
177,대*태양광발전소,경기도 화성시 만세구 송산면 쌍정리 1141-5[토지],37.2305944,126.7356962,환경사업소 신재생에너지과,031-5189-1827
178,대*태양광발전소,경기도 화성시 만세구 우정읍 주곡리 933-4[건물 위] (문화마을3길 19),37.12453236,126.7947424,환경사업소 신재생에너지과,031-5189-1827
179,명*태양광발전소,경기도 화성시 효행구 봉담읍 마하리 351[건물 위] (시청로 1502-14),37.17581036,126.9431751,환경사업소 신재생에너지과,031-5189-3508
180,정*태양광발전소,"경기도 화성시 만세구 팔탄면 노하리 561-1, 561-2[건물 위](노하길330번길 58, 56) ",37.15486906,126.8623572,환경사업소 신재생에너지과,031-5189-3508
181,준*태양광발전소 (현*→준*),"경기도 화성시 효행구 비봉면 구포리 123, 123-2[건물 위] (구포동길58, 62 A, B, C, D동)",37.24800571,126.8853307,환경사업소 신재생에너지과,031-5189-1827
182,김**태양광발전소,"경기도 화성시 만세구 우정읍 멱우리 137-2, -5, -15[건물 위](쌍봉로 360, 360-3)",37.10766395,126.8049042,환경사업소 신재생에너지과,031-5189-1827
183,바**태양광발전소,경기도 화성시 만세구 서신면 매화리 753-9[토지],37.16579653,126.7001778,환경사업소 신재생에너지과,031-5189-1827
184,해*태양광발전소,경기도 화성시 만세구 마도면 해문리 270-1[토지],37.20085229,126.7442828,환경사업소 신재생에너지과,031-5189-1827
185,두**이블태양광발전소,경기도 화성시 만세구 장안면 수촌리 416-6[건물 위] (3.1만세로 591-40),37.10533541,126.8637968,환경사업소 신재생에너지과,031-5189-1827
186,보**태양광발전소,경기도 화성시 효행구 봉담읍 덕우리 161-12[건물 위] (덕우공단2길 80),37.15688193,126.920835,환경사업소 신재생에너지과,031-5189-3508
187,선*태양광발전소,경기도 화성시 만세구 우정읍 조암리 397[토지],37.09186821,126.8145815,환경사업소 신재생에너지과,031-5189-1827
188,동**태양광발전소,"경기도 화성시 효행구 정남면 문학리 174-1[건물 위] (동오4길 9-39, 1동)",37.14604952,126.9635045,환경사업소 신재생에너지과,031-5189-3508
189,동**태양광발전소,경기도 화성시 효행구 정남면 문학리 184-1[건물 위] (동오4길 9-67),37.14794455,126.9659572,환경사업소 신재생에너지과,031-5189-3508
190,정**1호태양광발전소,경기도 화성시 만세구 송산면 중송리 산64번지[토지] -> 224-8로 지번 분할,37.2227929,126.6989249,환경사업소 신재생에너지과,031-5189-1827
191,우**전소,"경기도 화성시 효행구 정남면 문학리 531-8, 1,2동(서봉로 984)[건물 위]",37.16034157,126.9705665,환경사업소 신재생에너지과,031-5189-3508
192,와**스더블유1호 태양광발전소→금성산업,"경기도 화성시 만세구 향남읍 하길리 1407-7[건물 위] (발안공단로 41-17 1,2동)",37.0873081,126.9165716,환경사업소 신재생에너지과,031-5189-3508
193,㈜**태양광발전소,"경기도 화성시 만세구 송산면 사강리 184[건물 위] (송산로152번길 4-24 1,2동)",37.2232816,126.7242771,환경사업소 신재생에너지과,031-5189-1827
194,선**로그램태양광발전소,"경기도 화성시 효행구 봉담읍 분천리 108-4, 96-16, 96-30, 96-45[건물 위] (동산재길 2(A,N,G동), 최루백로 214-3, 216)",37.20505139,126.9625913,환경사업소 신재생에너지과,031-5189-3508
195,해**태양광발전소,경기도 화성시 만세구 남양읍 안석리 143[토지],37.17174426,126.8311379,환경사업소 신재생에너지과,031-5189-1827
196,우**호태양광발전소 → 우성태양광,"경기도 화성시 만세구 향남읍 발안리 120-6, -12, -13, 14[건물 위] (발안서로42번길 4, 6, 6-1, 34-10)",37.13163441,126.9046467,환경사업소 신재생에너지과,031-5189-3508
197,우**호태양광발전소 → 우성2호태양광,경기도 화성시 만세구 향남읍 발안리 71-2[건물 위] (발안서로25번길 19),37.13218551,126.9031,환경사업소 신재생에너지과,031-5189-3508
198,울**코리아태양광발전소,경기도 화성시 만세구 팔탄면 구장리 127-78[건물 위],37.16736726,126.8924272,환경사업소 신재생에너지과,031-5189-3508
199,바*태양광발전소,"경기도 화성시 만세구 장안면 사랑리 215-2, -3, -6, 214-2[건물 위]  (진개골길 118-6 가, 나, 다동)",37.07118718,126.8289619,환경사업소 신재생에너지과,031-5189-1827
200,삼**기공업2호 태양광발전소,"경기도 화성시 만세구 장안면 석포리 731-21, -22[건물 위](석포로 283-6, 1동)",37.14199824,126.8330998,환경사업소 신재생에너지과,031-5189-1827
201,찬**전소,경기도 화성시 만세구 팔탄면 구장리 95-2[건물 위] (구장길 90-33 A. B동),37.16869152,126.8993438,환경사업소 신재생에너지과,031-5189-3508
202,우*태양광발전소,"경기도 화성시 만세구 팔탄면 율암리 80[건물 위] (밤뒤길 92-10, A동)",37.17398908,126.8795777,환경사업소 신재생에너지과,031-5189-3508
203,케**스테크태양광발전소,경기도 화성시 만세구 장안면 수촌리 13-26[토지],37.09845958,126.8692221,환경사업소 신재생에너지과,031-5189-1827
204,오**스타태양광발전소,경기도 화성시 만세구 장안면 독정리 802-8[토지],37.07220542,126.8441931,환경사업소 신재생에너지과,031-5189-1827
205,S**up태양광발전소,경기도 화성시 만세구 장안면 덕다리 350[토지],37.05723491,126.8348028,환경사업소 신재생에너지과,031-5189-1827
206,정*태양광발전소,경기도 화성시 만세구 장안면 덕다리 350[토지],37.05723491,126.8348028,환경사업소 신재생에너지과,031-5189-1827
207,햇*태양광발전소,경기도 화성시 만세구 장안면 덕다리 350[토지],37.05723491,126.8348028,환경사업소 신재생에너지과,031-5189-1827
208,이**태양광발전소,경기도 화성시 만세구 장안면 장안리 산55-1[토지] -> 197-2로 지번 분할,37.05815335,126.8475502,환경사업소 신재생에너지과,031-5189-1827
209,워**,경기도 화성시 만세구 향남읍 행정리 512-1[건물 위] (행정죽전로 28-2),37.12382821,126.9228768,환경사업소 신재생에너지과,031-5189-3508
210,에**사2태양광발전소,"경기도 화성시 만세구 남양읍 북양리 508[건물 위] (주석로175번길 4-3 1,2동)",37.21604296,126.8516426,환경사업소 신재생에너지과,031-5189-1827
211,사**전소1호,경기도 화성시 만세구 장안면 사랑리 328-14[토지],37.07228566,126.8245592,환경사업소 신재생에너지과,031-5189-1827
212,사**전소2호,경기도 화성시 만세구 장안면 사랑리 328-14[토지],37.07228566,126.8245592,환경사업소 신재생에너지과,031-5189-1827
213,장**2태양광발전소,경기도 화성시 만세구 향남읍 관리 176-1[건물 위] (귓골2길 53),37.1279243,126.9463293,환경사업소 신재생에너지과,031-5189-3508
214,장**3태양광발전소,경기도 화성시 만세구 향남읍 관리 176[건물 위] (귓골2길 52-3),37.12850218,126.946539,환경사업소 신재생에너지과,031-5189-3508
215,김**1호기태양광발전소,경기도 화성시 만세구 향남읍 구문천리 309-4[건물 위] (상신초교길 94-9),37.09211248,126.8967193,환경사업소 신재생에너지과,031-5189-3508
216,김**2호기태양광발전소,경기도 화성시 만세구 향남읍 구문천리 309-4[건물 위]  (상신초교길 94-9),37.09211248,126.8967193,환경사업소 신재생에너지과,031-5189-3508
217,성**호태양광발전소,경기도 화성시 만세구 장안면 장안리 643[건물 위] (장호동길 8-46),37.04577082,126.8490228,환경사업소 신재생에너지과,031-5189-1827
218,홍**태양광발전소,"경기도 화성시 만세구 서신면 홍법리 179-16, 180-4, -5, -8, -9[토지]",37.16602456,126.7390311,환경사업소 신재생에너지과,031-5189-1827
219,K*태양광발전소,"경기도 화성시 효행구 정남면 문학리 238-6[건물 위] (문학로30번길 45-20 가,나,다동)",37.15123113,126.9651683,환경사업소 신재생에너지과,031-5189-3508
220,안*태양광발전소 → 큰빛태양광발전소,"경기도 화성시 만세구 남양읍 안석리 139, 140, 141, 142[토지]",37.17160979,126.8316111,환경사업소 신재생에너지과,031-5189-1827
221,그**이티태양광발전소,"경기도 화성시 효행구 비봉면 자안리 580, 581-3[건물 위](푸른들판로1125번길 39)",37.20177014,126.8727131,환경사업소 신재생에너지과,031-5189-1827
222,상**태양광발전소,"경기도 화성시 만세구 향남읍 상신리 87-32[건물 위] (서해로535번길 33-3, 1동)",37.11220026,126.8993401,환경사업소 신재생에너지과,031-5189-3508
223,제**블유비태양광발전소,"경기도 화성시 만세구 장안면 석포리 587[건물 위] (버들안길 173, 1동)",37.13528606,126.822553,환경사업소 신재생에너지과,031-5189-1827
224,행**태양광발전소,"경기도 화성시 만세구 송산면 육일리 696-1[건물 위] (화성로 204-8, 1동)",37.19583421,126.7201411,환경사업소 신재생에너지과,031-5189-1827
225,강**태양광발전소,"경기도 화성시 만세구 남양읍 북양리 471[건물 위] (주석로117번길3 1,2동)",37.2179217,126.8441539,환경사업소 신재생에너지과,031-5189-1827
226,남**씨태양광발전소,"경기도 화성시 만세구 남양읍 활초리 28-10, -12[토지 및 건물](고향의봄길 71-47, 3동)",37.18661831,126.8380479,환경사업소 신재생에너지과,031-5189-1827
227,일**업태양광발전소,"경기도 화성시 만세구 남양읍 장덕리 82, 82-2, 83-1, 83-2, 83-3, 83-4[건물 위](현대연구소로 44-14 2,3동)",37.1681031,126.8157498,환경사업소 신재생에너지과,031-5189-1827
228,C**태양광발전소,"경기도 화성시 만세구 장안면 장안리 산55-1, 197-1[토지]",37.05815335,126.8475502,환경사업소 신재생에너지과,031-5189-1827
229,선*태양광발전소,"경기도 화성시 만세구 장안면 석포리 711-3, 716-2[건물 위](석포로 263-6)",37.14370178,126.8346838,환경사업소 신재생에너지과,031-5189-1827
230,신*태양광발전소,"경기도 화성시 만세구 팔탄면 가재리 191-2[건물 위] (신양2길102 1,2,3동)",37.14901131,126.924262,환경사업소 신재생에너지과,031-5189-3508
231,금*태양광발전소,"경기도 화성시 만세구 우정읍 이화리 1022-35, 1022-39[건물 위](남양만로 517-7, -11)",37.03251109,126.799968,환경사업소 신재생에너지과,031-5189-1827
232,천*태양광발전소,경기도 화성시 만세구 송산면 천등리 8[토지],37.24379146,126.7151713,환경사업소 신재생에너지과,031-5189-1827
233,혜**전소,경기도 화성시 만세구 서신면 전곡리 107-5[건물 위] (앞실길 22),37.19561015,126.6987237,환경사업소 신재생에너지과,031-5189-1827
234,최**태양광발전소,"경기도 화성시 만세구 장안면 독정리 749[건물 위] (장안로 322, 1동)",37.08257493,126.8505309,환경사업소 신재생에너지과,031-5189-1827
235,사**태양광발전소 → 경화2태양광발전소,"경기도 화성시 만세구 마도면 고모리 산126-8, 663-6[토지] ->663-9, 663-16로 지번 분할",37.16727322,126.7455007,환경사업소 신재생에너지과,031-5189-1827
236,B**디텍태양광발전소,경기도 화성시 만세구 양감면 요당리 215-5[토지 및 건물],37.06580224,126.9356114,환경사업소 신재생에너지과,031-5189-3508
237,경*태양광발전소,"경기도 화성시 만세구 양감면 요당리 1-12[건물 위] (은행나무로 178 가,나동)",37.07553242,126.9402305,환경사업소 신재생에너지과,031-5189-3508
238,월*태양광발전소,경기도 화성시 효행구 비봉면 유포리 250[건물 위] (남이로넘말길 27-6),37.2506588,126.8390328,환경사업소 신재생에너지과,031-5189-1827
239,선*태양광발전소,"경기도 화성시 만세구 팔탄면 서근리 83-1[건물 위] (대평안길 66-9, A동)",37.13490719,126.8482262,환경사업소 신재생에너지과,031-5189-3508
240,이**태양광발전소,"경기도 화성시 효행구 비봉면 자안리 800, 785-8[건물 위] (주석로 496, 1동)",37.19718454,126.8766047,환경사업소 신재생에너지과,031-5189-1827
241,서*태양광발전소,"경기도 화성시 만세구 우정읍 매향리 2-61[건물 위]          (기아자동차로299번길 51-10, 1동)",37.05709966,126.7741211,환경사업소 신재생에너지과,031-5189-1827
242,서*태양광발전소2호,경기도 화성시 만세구 우정읍 매향리 2-61[토지],37.05709966,126.7741211,환경사업소 신재생에너지과,031-5189-1827
243,에**씨태양광발전소,"경기도 화성시 효행구 정남면 귀래리 449-21, 449-22 [건물 위]  (만년로98번길 85 1,2,3동)",37.13437586,126.985789,환경사업소 신재생에너지과,031-5189-3508
244,대**호태양광발전소,"경기도 화성시 만세구 장안면 수촌리 979[건물 위] (3.1만세로322번길122, C동)",37.09806413,126.849831,환경사업소 신재생에너지과,031-5189-1827
245,남*태양광발전소,"경기도 화성시 병점구 안녕동 176-63, -78, -214[건물 위] (안녕남로 7-6, 9, 15)",37.19860833,126.985365,환경사업소 신재생에너지과,031-5189-3508
246,엘*태양광발전소,경기도 화성시 만세구 향남읍 요리 418[건물 위],37.11107184,126.9708871,환경사업소 신재생에너지과,031-5189-3508
247,현**태양광발전소,경기도 화성시 효행구 봉담읍 수기리 10-9[건물 위] (최루백로 428-11),37.19916594,126.980944,환경사업소 신재생에너지과,031-5189-3508
248,현**태양광발전소,경기도 화성시 효행구 봉담읍 수기리 11-15[건물 위] (최루백로 428-19),37.19849129,126.9812641,환경사업소 신재생에너지과,031-5189-3508
249,화**호기태양광발전소,"경기도 화성시 효행구 비봉면 자안리 379외 5필지[건물위] (자청로21번길 26, 2동)",37.2067203,126.8747006,환경사업소 신재생에너지과,031-5189-1827
250,화**호기태양광발전소,"경기도 화성시 효행구 비봉면 자안리 379외 5필지[건물위] (자청로21번길 26, 2동)",37.2067203,126.8747006,환경사업소 신재생에너지과,031-5189-1827
251,세**업㈜1호,"경기도 화성시 만세구 남양읍 북양리 527-13[건물 위] (현대기아로 720-21 A, B동)",37.21267431,126.8587379,환경사업소 신재생에너지과,031-5189-1827
252,대**공㈜1호,경기도 화성시 만세구 남양읍 북양리 527-18[건물 위]        (현대기아로 720-30),37.21193636,126.8589583,환경사업소 신재생에너지과,031-5189-1827
253,일**전소,경기도 화성시 만세구 우정읍 주곡리 805-2[건물 위],37.12034614,126.8203448,환경사업소 신재생에너지과,031-5189-1827
254,태**전소,경기도 화성시 만세구 우정읍 주곡리 805-2[건물 위],37.12034614,126.8203448,환경사업소 신재생에너지과,031-5189-1827
255,문*태양광발전소,경기도 화성시 만세구 우정읍 주곡리 933-7[건물 위] (문화마을3길 15),37.12409056,126.794724,환경사업소 신재생에너지과,031-5189-1827
256,성**호 태양광발전소,경기도 화성시 효행구 정남면 내리 133-2(금복길53번길 74)[건물 위],37.15784224,127.0163984,환경사업소 신재생에너지과,031-5189-3508
257,광*태양광발전소,경기도 화성시 만세구 우정읍 매향리 2-29[건물 위],37.05388003,126.770924,환경사업소 신재생에너지과,031-5189-1827
258,초**태양광발전소,"경기도 화성시 효행구 정남면 금복리 92 1,2동[건물 위](정남동로 453-76)",37.16015319,126.9998278,환경사업소 신재생에너지과,031-5189-3508
259,이**태양광발전소,"경기도 화성시 만세구 우정읍 이화리 산45-6, 962 [토지] → 산45-6 말소(962-1)",37.03981753,126.8002777,환경사업소 신재생에너지과,031-5189-1827
260,서*태양광발전소,경기도 화성시 만세구 우정읍 이화리 산45-4[토지],37.03940843,126.8002195,환경사업소 신재생에너지과,031-5189-1827
261,공*태양광발전소,경기도 화성시 병점구 안녕동 178-35 C동[건물 위]                  (안녕남로82번길 4),37.19692542,126.9922611,환경사업소 신재생에너지과,031-5189-3508
262,평*태양광발전소,경기도 화성시 만세구 우정읍 호곡리 11-26[건물 위] (문화마을2길 46-4),37.12409166,126.7933956,환경사업소 신재생에너지과,031-5189-1827
263,윤*태양광발전소,경기도 화성시 만세구 향남읍 동오리 120[건물 위] (발안로 499-51),37.13547215,126.9606744,환경사업소 신재생에너지과,031-5189-3508
264,혁*태양광발전소,경기도 화성시 효행구 비봉면 양노리 701-28 1동[건물 위](화성로1616번길 19-18),37.22342761,126.8570124,환경사업소 신재생에너지과,031-5189-1827
265,한*태양광발전소,"경기도 화성시 만세구 향남읍 동오리 705-3, 701-12[건물 위] (서봉로 637-10)",37.13338036,126.9526957,환경사업소 신재생에너지과,031-5189-3508
266,주**사세종알로이,"경기도 화성시 만세구 양감면 사창리 829-8[건물 위] (사격장길95 2, 3동)",37.09214098,126.9626245,환경사업소 신재생에너지과,031-5189-3508
267,사*태양광발전소,"경기도 화성시 만세구 향남읍 상신리 1068, 1069-1[건물 위](상신로 80-15)",37.08431025,126.8817495,환경사업소 신재생에너지과,031-5189-3508
268,케**이산업태양광 → ㈜조은그라스화이버태양광발전소,"경기도 화성시 만세구 우정읍 주곡리 50-1, 68-21, 831-21, 831-13, 50-3, 51-1, 68-26, 831-40 831-11, 831-39, 831-48[건물 위](구슬1길 55-22 1,2,3동,A,C동)",37.12343038,126.8190226,환경사업소 신재생에너지과,031-5189-1827
269,유**업태양괄발전소,"경기도 화성시 만세구 마도면 청원리 1280 1,2동(청원산단2길 96)[건물 위]",37.17499068,126.7676441,환경사업소 신재생에너지과,031-5189-1827
270,성*태양광발전소,"경기도 화성시 만세구 남양읍 북양리 613-2 1,2,3,4동[건물 위](현대기아로 661-2)",37.20696296,126.8544024,환경사업소 신재생에너지과,031-5189-1827
271,철*태양광발전소,"경기도 화성시 효행구 정남면 괘랑리 514-16, 514-19, 516-2[건물 위] (괘랑2길17번길 65)",37.18776025,126.9885594,환경사업소 신재생에너지과,031-5189-3508
272,남**강태양광발전소,경기도 화성시 만세구 마도면 청원리 1423(청원산단5길 12)[건물 위],37.17121228,126.7703164,환경사업소 신재생에너지과,031-5189-1827
273,복*태양광발전소,경기도 화성시 만세구 팔탄면 율암리 산 67-3[토지],37.16508308,126.8714703,환경사업소 신재생에너지과,031-5189-3508
274,장**영 태양광발전소,"경기도 화성시 만세구 마도면 송정리 657 1,2동[건물 위] (송정동길 23-13)",37.21423869,126.7829471,환경사업소 신재생에너지과,031-5189-1827
275,연**광발전소,경기도 화성시 만세구 팔탄면 노하리 68-4[토지],37.1561923,126.873771,환경사업소 신재생에너지과,031-5189-3508
276,제**이태양광발전소,"경기도 화성시 만세구 팔탄면 노하리 68-4, 68-6[토지]",37.1561923,126.873771,환경사업소 신재생에너지과,031-5189-3508
277,피**크태양광발전소,경기도 화성시 만세구 팔탄면 율암리 842-29 [건물 위] (온천로 460번길 25),37.15218882,126.8839338,환경사업소 신재생에너지과,031-5189-3508
278,명*태양광발전소,"경기도 화성시 효행구 정남면 내리 187 1,2동(금복길53번길 38) [건물위]",37.15716873,127.0126187,환경사업소 신재생에너지과,031-5189-3508
279,쌍**리 태양광발전소,경기도 화성시 효행구 비봉면 쌍학리 444(쌍학안길 88)[건물위],37.23822627,126.8924452,환경사업소 신재생에너지과,031-5189-1827
280,하** 태양광발전소,"경기도 화성시 만세구 장안면 수촌리 397-4, 397-6, 397-7, 380-3, 380-4, 425-5(건물위)",37.10022602,126.8640983,환경사업소 신재생에너지과,031-5189-1827
281,성**호 태양광발전소,"경기도 화성시 만세구 장안면 장안리 30 [토지] →경기도 화성시 만세구 장안면 장안리 30, 44-2, 45 [토지]",37.05566274,126.8679795,환경사업소 신재생에너지과,031-5189-1827
282,한**산1호 태양광발전소,경기도 화성시 만세구 우정읍 화산리 139-16,37.07217105,126.7965213,환경사업소 신재생에너지과,031-5189-1827
283,유**태양광발전소,"경기도 화성시 만세구 우정읍 화산리 139-24, 139-26(건물위)",37.07284627,126.79638,환경사업소 신재생에너지과,031-5189-1827
284,화**계 태양광발전소,경기도 화성시 만세구 서신면 전곡리 256-5(은수포길 119-16)[건물 위],37.19820978,126.6847239,환경사업소 신재생에너지과,031-5189-1827
285,홍** 태양광발전소,경기도 화성시 만세구 서신면 전곡리 247-2[토지],37.19904392,126.6894234,환경사업소 신재생에너지과,031-5189-1827
286,우**전,"경기도 화성시 만세구 우정읍 호곡리 1160-13, 1160-14, 1160-15, 1160-16, 1160-17, 1160-18",37.11097375,126.7661113,환경사업소 신재생에너지과,031-5189-1827
287,사** 태양광발전소,"경기도 화성시 만세구 장안면 사랑리 3-1, 6-4, 5, 4-4, 4-1, 3-12, 6-3, 3-33",37.0761226,126.8358632,환경사업소 신재생에너지과,031-5189-1827
288,전**빛1호 태양광발전소,경기도 화성시 만세구 서신면 전곡리 산 179-3 (토지),37.19779259,126.6898454,환경사업소 신재생에너지과,031-5189-1827
289,전**빛2호 태양광발전소,경기도 화성시 만세구 서신면 전곡리 산179-3 (토지),37.19779259,126.6898454,환경사업소 신재생에너지과,031-5189-1827
290,전**빛3호 태양광발전소,경기도 화성시 만세구 서신면 전곡리 산179-3 (토지),37.19779259,126.6898454,환경사업소 신재생에너지과,031-5189-1827
291,대**제3 태양광발전소,"경기도 화성시 만세구 남양읍 남양리 363-15, 363-16",37.20412855,126.7951856,환경사업소 신재생에너지과,031-5189-1827
292,동**1태양광발전소,"경기도 화성시 만세구 팔탄면 구장리 108[건물 위] (구장길 93, A동)",37.16634909,126.897808,환경사업소 신재생에너지과,031-5189-3508
293,동**2태양광발전소,경기도 화성시 만세구 팔탄면 구장리 108[건물 위] (구장길 93),37.16634909,126.897808,환경사업소 신재생에너지과,031-5189-3508
294,전**태양광발전소,"경기도 화성시 효행구 정남면 발산리 594-1,-6,-7(발산5길 28)[건물 위]",37.15617497,126.9844026,환경사업소 신재생에너지과,031-5189-3508
295,전**태양광발전소,"경기도 화성시 효행구 정남면 발산리594-4, 594-10(발산5길 34-20)[건물 위]",37.15572222,126.9839327,환경사업소 신재생에너지과,031-5189-3508
296,전**태양광발전소,경기도 화성시 효행구 정남면 발산리 564(발산5길 29-76),37.15641116,126.9869012,환경사업소 신재생에너지과,031-5189-3508
297,하*태양광발전소,경기도 화성시 효행구 정남면 발산리 571(발산5길 29-26),37.15703427,126.9850838,환경사업소 신재생에너지과,031-5189-3508
298,와**태양광발전소,경기도 화성시 방교동 800-5(동탄산단3길 20-17),37.16640767,127.0833841,환경사업소 신재생에너지과,031-5189-3508
299,송**린태양광발전소,경기도 화성시 만세구 장안면 독정리 803-36[건물 위] (포승장안로 1186),37.07040647,126.8490035,환경사업소 신재생에너지과,031-5189-1827
300,대**호태양광발전소,"경기도 화성시 만세구 장안면 수촌리 975, 976[건물 위] (3.1만세로322번길 122)",37.09886913,126.8499192,환경사업소 신재생에너지과,031-5189-1827
301,B**태양광발전소,경기도 화성시 만세구 마도면 청원리 1454(청원산단7길 27)[건물 위],37.17011351,126.7675447,환경사업소 신재생에너지과,031-5189-1827
302,최**2태양광발전소,"경기도 화성시 병점구 황계동 160-4 1,2동(황계길 119)[건물 위]",37.22311028,127.015734,환경사업소 신재생에너지과,031-5189-3508
303,금**태양광발전소,경기도 화성시 만세구 장안면 금의리 798[건물 위] (장안공단로 161-38),37.11484716,126.8361857,환경사업소 신재생에너지과,031-5189-1827
304,행**2태양광발전소,"경기도 화성시 만세구 송산면 쌍정리 1297-3 A,B,C동[건물 위](공룡로 70-94)",37.2263268,126.7365326,환경사업소 신재생에너지과,031-5189-1827
305,은*태양광발전소,경기도 화성시 만세구 향남읍 갈천리 161-1[건물 위] (갈천길 39),37.12686631,126.9814719,환경사업소 신재생에너지과,031-5189-3508
306,익**태양광발전소,경기도 화성시 만세구 송산면 칠곡리 225-11[건물 위] (은수포북길32번길 34-51),37.20423191,126.7020583,환경사업소 신재생에너지과,031-5189-1827
307,광**수강2호 태양광발전소,경기도 화성시 만세구 팔탄면 하저리 401[건물 위] (현대기아로556번길 160),37.1941672,126.8668493,환경사업소 신재생에너지과,031-5189-3508
308,서*태양광발전소,경기도 화성시 만세구 서신면 홍법리 182[건물 위+토지](해운로 475-5),37.16676275,126.7393173,환경사업소 신재생에너지과,031-5189-1827
309,시*태양광발전소,경기도 화성시 만세구 장안면 금의리 189-1[토지],37.1133105,126.8185563,환경사업소 신재생에너지과,031-5189-1827
310,샬*태양광발전소,"경기도 화성시 만세구 장안면 금의리 189-1, 189-2[토지]",37.1133105,126.8185563,환경사업소 신재생에너지과,031-5189-1827
311,제*태양광발전소 →  이레태양광발전소,"경기도 화성시 만세구 장안면 금의리 189-1, 189-2[토지]",37.1133105,126.8185563,환경사업소 신재생에너지과,031-5189-1827
312,동*태양광발전소,"경기도 화성시 만세구 서신면 용두리 794-3, 796-3[건물 위]                (궁평항로 1516-9, 1516-15)",37.15154064,126.7026686,환경사업소 신재생에너지과,031-5189-1827
313,에**테크태양광발전소,"경기도 화성시 효행구 정남면 문학리 143-3 A, B동(문학로68번가길 11)[건물 위]",37.14873148,126.9685642,환경사업소 신재생에너지과,031-5189-3508
314,심**태양광발전소,경기도 화성시 만세구 팔탄면 구장리 212-21[건물 위] (온천로 563-11),37.15555625,126.8955437,환경사업소 신재생에너지과,031-5189-3508
315,다**지니어링태양광,경기도 화성시 방교동 849-3(동탄산단2길 58)[건물 위],37.1635618,127.0892903,환경사업소 신재생에너지과,031-5189-3508
316,한**지니어링태양광발전소,"경기도 화성시 만세구 장안면 금의리 94-2, 94-4, 94-5[건물 위] (금의당골길 38-57) ",37.11256985,126.8303528,환경사업소 신재생에너지과,031-5189-1827
317,현**업태양광발전소,경기도 화성시 효행구 정남면 오일리 367-1(여의동길 38-93)[건물 위],37.17021121,126.966375,환경사업소 신재생에너지과,031-5189-3508
318,천*태양광발전소,경기도 화성시 만세구 향남읍 구문천리 862-5[토지],37.09153836,126.8974899,환경사업소 신재생에너지과,031-5189-3508
319,착*태양광발전소,경기도 화성시 만세구 향남읍 구문천리 862-5[토지] (지번 분할로 사업 개시 신고 수리 주소는 862-10),37.09153836,126.8974899,환경사업소 신재생에너지과,031-5189-3508
320,훈*태양광발전소,경기도 화성시 만세구 향남읍 구문천리 862-5[토지] (지번 분할로 사업 개시 신고 수리 주소는 862-11번지),37.09153836,126.8974899,환경사업소 신재생에너지과,031-5189-3508
321,해**태양광발전소,경기도 화성시 만세구 향남읍 구문천리 862-5[토지] (지번 분할로 사업 개시 신고 수리 주소는 862-12번지),37.09153836,126.8974899,환경사업소 신재생에너지과,031-5189-3508
322,청*태양광발전소,경기도 화성시 만세구 마도면 청원리 557-3(청원서길 125)[건물 위],37.1769232,126.7638517,환경사업소 신재생에너지과,031-5189-1827
323,신*태양광발전소,경기도 화성시 병점구 안녕동 176-119(안녕남로 44)[건물 위],37.19707143,126.9884854,환경사업소 신재생에너지과,031-5189-3508
324,그**워태양광발전소,경기도 화성시 방교동 832-1(동부대로 792)[건물 위],37.1720018,127.0874986,환경사업소 신재생에너지과,031-5189-3508
325,창*태양광발전소,"경기도 화성시 만세구 우정읍 주곡리 38-16, 38-4, 39-16[건물 위](버들로 1031-31)",37.11898384,126.8264579,환경사업소 신재생에너지과,031-5189-1827
326,광*태양광발전소,경기도 화성시 만세구 팔탄면 하저리 100[건물 위] (하저자안로 169-7),37.193741,126.8731514,환경사업소 신재생에너지과,031-5189-3508
327,현*태양광발전소,경기도 화성시 만세구 양감면 요당리 347[건물 위] (장승백이길 21-4),37.06796744,126.9173385,환경사업소 신재생에너지과,031-5189-3508
328,이**태양광발전소,경기도 화성시 만세구 마도면 송정리 143[건물위](송정로 235),37.22254594,126.7924894,환경사업소 신재생에너지과,031-5189-1827
329,일*태양광발전소,"경기도 화성시 만세구 팔탄면 덕우리 78-4, 78-21[건물 위] (온천로137번길 31-12)",37.13447627,126.8601303,환경사업소 신재생에너지과,031-5189-3508
330,승*태양광발전소,경기도 화성시 만세구 송산면 독지리 879번지 [토지],37.24156732,126.6977338,환경사업소 신재생에너지과,031-5189-1827
331,덕**2호태양광발전소,"경기도 화성시 만세구 팔탄면 서근리 190-1, 190-6[건물 위] (버들로 1342)",37.12712403,126.8540793,환경사업소 신재생에너지과,031-5189-3508
332,청**크태양광발전소,경기도 화성시 만세구 장안면 석포리 656-3 [건물 위] (석포로121),37.14063223,126.8386627,환경사업소 신재생에너지과,031-5189-1827
333,청*태양광발전소2호,"경기도 화성시 만세구 팔탄면 구장리 914-2, 914-3 [건물 위] (마당바위로 135-21)",37.16436797,126.9125671,환경사업소 신재생에너지과,031-5189-3508
334,사**태양광발전소,경기도 화성시 만세구 양감면 사창리 660-1[건물 위] (안요골길82번길 41),37.10036755,126.9618799,환경사업소 신재생에너지과,031-5189-3508
335,진*태양광발전소,경기도 화성시 만세구 우정읍 호곡리 11-28[건물 및 토지] (문화마을2길 42),37.12368713,126.7935795,환경사업소 신재생에너지과,031-5189-1827
336,나*태양광발전소,경기도 화성시 만세구 우정읍 주곡리 928-9[건물 위] (쌍봉로609),37.12577103,126.7953726,환경사업소 신재생에너지과,031-5189-1827
337,성**에스태양광발전소,"경기도 화성시 만세구 송산면 사강리 136, 188-10[건물 위](송산로152번길 4-25, 4-37)",37.22424225,126.7223172,환경사업소 신재생에너지과,031-5189-1827
338,태**속(주)태양광발전소 → ㈜정우태양광발전소,"경기도 화성시 만세구 서신면 만세구 서신면 홍법리 534, 535 가,나,다동 [건물위] (효자각로 100-41)",37.1641623,126.7165021,환경사업소 신재생에너지과,031-5189-1827
339,쏠**워태양광발전소,경기도 화성시 효행구 정남면 내리 28-1(가장로 367)[건물 위],37.16244545,127.0200971,환경사업소 신재생에너지과,031-5189-3508
340,성*태양광발전소,"경기도 화성시 효행구 정남면 금복리 77 1,2동[건물위](정남동로 430)",37.15747001,127.0048746,환경사업소 신재생에너지과,031-5189-3508
341,광*태양광발전소,경기도 화성시 동탄구 능동 1100-2[건물위](여울로4길 52),37.21575756,127.0555106,환경사업소 신재생에너지과,031-5189-3508
342,성*태양광발전소,"경기도 화성시 효행구 정남면 신리 157-1, 158-4(신새말길 19, 21)[건물 위]",37.16185651,126.9767842,환경사업소 신재생에너지과,031-5189-3508
343,성*태양광발전소,"경기도 화성시 효행구 정남면 신리 161-2, 161-3 가,나,다동(신새말길 25)[건물 위]",37.16201223,126.9773463,환경사업소 신재생에너지과,031-5189-3508
344,장*태양광발전소,"경기도 화성시 효행구 정남면 계향리 571-1 A, B동(내향안길 68)[건물 위]",37.1451577,126.988092,환경사업소 신재생에너지과,031-5189-3508
345,안**태양광발전소,"경기도 화성시 효행구 정남면 문학리 327-7, 326-1, 327-10, 328-4 1,2동(문학로30번길 2)[건물 위]",37.15407394,126.9679186,환경사업소 신재생에너지과,031-5189-3508
346,문**리태양광발전소,"경기도 화성시 효행구 정남면 문학리 398, 398-2(문학로 85, 85-6)[건물 위]",37.15134897,126.9733656,환경사업소 신재생에너지과,031-5189-3508
347,태*태양광발전소,"경기도 화성시 효행구 정남면 발산리 592, 594-9, 593[건물 위](발산5길 34-12, 34)",37.15594066,126.9844155,환경사업소 신재생에너지과,031-5189-3508
348,산**태양광발전소,"경기도 화성시 효행구 정남면 문학리 569, 569-4(서봉로921번길 76, 76-1)[건물 위]",37.15931391,126.9625435,환경사업소 신재생에너지과,031-5189-3508
349,대*태양광발전소,"경기도 화성시 효행구 정남면 문학리 270-1, -2(문학로30번길 45-7, -9)[건물 위]",37.1523995,126.9663988,환경사업소 신재생에너지과,031-5189-3508
350,신**완제1태양광발전소,경기도 화성시 만세구 송산면 신천리 329[토지],37.25009985,126.7193966,환경사업소 신재생에너지과,031-5189-1827
351,노**발태양광발전소,경기도 화성시 만세구 우정읍 매향리 387[건물 위 (궁평항로 54),37.05365803,126.7627161,환경사업소 신재생에너지과,031-5189-1827
352,S*태양광발전소,경기도 화성시 만세구 남양읍 북양리 527-15 A동[건물위](현대기아로 720-32),37.21223698,126.8595418,환경사업소 신재생에너지과,031-5189-1827
353,한**장태양광발전소,경기도 화성시 만세구 마도면 청원리 12-16[건물위](마도로620번길 23),37.18870192,126.7721986,환경사업소 신재생에너지과,031-5189-1827
354,동*태양광발전소,"경기도 화성시 만세구 양감면 용소리 375-1, 375-7[건물 위] (용소금각로36번길 61)",37.07448964,126.9784313,환경사업소 신재생에너지과,031-5189-3508
355,인**태양광발전소,경기도 화성시 만세구 팔탄면 서근리 108[건물 위] (서근내길 52-10),37.13257396,126.8484826,환경사업소 신재생에너지과,031-5189-3508
356,위*태양광발전소,경기도 화성시 만세구 장안면 석포리 761-57[건물 위] (석포로345-4),37.14201009,126.8256345,환경사업소 신재생에너지과,031-5189-1827
357,동**성노진태양광발전소 → 은혜화성1호,"경기도 화성시 만세구 장안면 노진리 118, 119, 121[토지]",37.04762336,126.8243584,환경사업소 신재생에너지과,031-5189-1827
358,다**전소2호,경기도 화성시 만세구 우정읍 매향리  2-60[건물 및 대지] (기아자동차로299번길 51-14),37.05715147,126.7737495,환경사업소 신재생에너지과,031-5189-1827
359,에**알2호태양광발전소,"경기도 화성시 만세구 우정읍 운평리 798-17, 798-18, 798-19[토지]",37.08834804,126.766217,환경사업소 신재생에너지과,031-5189-1827
360,순**객태양광발전소,경기도 화성시 만세구 송산면 중송리 15-6(송산로 299)[건물위],37.22867353,126.7081811,환경사업소 신재생에너지과,031-5189-1827
361,㈜**씨태양광,"경기도 화성시 만세구 서신면 매화리 831-15 1,2동(백미길 28-42)[건물위] ",37.15552026,126.697987,환경사업소 신재생에너지과,031-5189-1827
362,대*태양광발전소,경기도 화성시 만세구 팔탄면 덕우리 64-2[토지],37.13653073,126.8575755,환경사업소 신재생에너지과,031-5189-3508
363,세*태양광발전소,경기도 화성시 만세구 팔탄면 덕우리 64-2[토지],37.13653073,126.8575755,환경사업소 신재생에너지과,031-5189-3508
364,동**3태양광발전소,경기도 화성시 만세구 팔탄면 구장리 108[건물 및 대지] (구장길 93),37.16634909,126.897808,환경사업소 신재생에너지과,031-5189-3508
365,노*태양광발전소,경기도 화성시 만세구 향남읍 구문천리 930-15 B동[건물 위] (발안공단로 187),37.08583718,126.8982092,환경사업소 신재생에너지과,031-5189-3508
366,여*태양광발전소,경기도 화성시 만세구 향남읍 구문천리 930-15 C동[건물 위] (발안공단로 187),37.08583718,126.8982092,환경사업소 신재생에너지과,031-5189-3508
367,청**태양광발전소,경기도 화성시 효행구 비봉면 청요리 59-1[건물 위],37.20616961,126.8971424,환경사업소 신재생에너지과,031-5189-1827
368,카*태양광발전소,경기도 화성시 만세구 양감면 대양리 1235-7[건물 위] (은행나무로 531-41),37.10124995,126.9345495,환경사업소 신재생에너지과,031-5189-3508
369,대*태양광발전소,경기도 화성시 만세구 양감면 대양리 1235-6[건물 위] (은행나무로 531-45),37.10144659,126.9341992,환경사업소 신재생에너지과,031-5189-3508
370,와**태양광발전소  → 와-우리1호태양광발전소,경기도 화성시 만세구 우정읍 화수리 555-2[건물 위] (),37.10252264,126.786146,환경사업소 신재생에너지과,031-5189-1827
371,거*태양광발전소,경기도 화성시 만세구 향남읍 관리 159-3[건물 위] (귓골1길 20),37.12921406,126.9464888,환경사업소 신재생에너지과,031-5189-3508
372,행**3태양광발전소,"경기도 화성시 만세구 송산면 봉가리 183, 183-2 A동[건물위](마도북로 1-40)",37.21146689,126.7413594,환경사업소 신재생에너지과,031-5189-1827
373,육**리 태양광발전소,경기도 화성시 만세구 송산면 육일리 486-1(육일안길 22-14)[건물위]  ,37.20021825,126.7220116,환경사업소 신재생에너지과,031-5189-1827
374,정**임대태양광발전소,"경기도 화성시 만세구 팔탄면 하저리 560-3, 560-4[건물 위] (중하저길 8, 4)",37.18714009,126.8692514,환경사업소 신재생에너지과,031-5189-3508
375,유**공업2호발전소,"경기도 화성시 만세구 송산면 마산리 416-89, 416-97 3,4,5,6,7동[건물위](구레골길 100-31)",37.22809919,126.6768271,환경사업소 신재생에너지과,031-5189-1827
376,유**공업3호발전소,"경기도 화성시 만세구 송산면 마산리 416-16, -17, -89, -97, -135 8, 9, 10동(구레골길 100-31)[건물위]",37.22809919,126.6768271,환경사업소 신재생에너지과,031-5189-1827
377,태*태양광발전소,"경기도 화성시 만세구 양감면 사창리 189-13, 189-39[건물 위] (정문송산로93번길 10-34, 10-32)",37.10050871,126.9793671,환경사업소 신재생에너지과,031-5189-3508
378,태*태양광발전소,"경기도 화성시 만세구 팔탄면 하저리 73-1, -3, -4, -5[건물 위] (하저리 169-47, 169-48)",37.19593505,126.8704402,환경사업소 신재생에너지과,031-5189-3508
379,율**호태양광발전소,"경기도 화성시 만세구 팔탄면 율암리 842, 842-10, 842-11, 842-51, 842-52, 842-55, 843[공작물 위]",37.15280331,126.8812963,환경사업소 신재생에너지과,031-5189-3508
380,신*태양광발전소,"경기도 화성시 만세구 팔탄면 율암리 75-1, 75-2, 75-3, 76, 885-23[건물 위] (밤뒤길92-15)",37.17425666,126.8790348,환경사업소 신재생에너지과,031-5189-3508
381,대**호태양광발전소,"경기도 화성시 만세구 송산면 쌍정리 1141-7, 1303-2[건물 위] (공룡로 264번길 54-14)",37.23027833,126.7356699,환경사업소 신재생에너지과,031-5189-1827
382,혁**호태양광발전소,경기도 화성시 효행구 비봉면 양노리 701-28[건물 위] (화성로1616번길 19-18),37.22342761,126.8570124,환경사업소 신재생에너지과,031-5189-1827
383,주**사컴윈태양광발전소,경기도 화성시 만세구 서신면 매화리 831-52[건물 위] (백미길 18-31),37.15312173,126.697866,환경사업소 신재생에너지과,031-5189-1827
384,화**호태양광발전소,경기도 화성시 만세구 남양읍 북양리 536 J동[건물 위) (현대기안로 679-24),37.21005907,126.8535421,환경사업소 신재생에너지과,031-5189-1827
385,진*태양광발전소,경기도 화성시 만세구 우정읍 운평리 1336[건물 위] (버들로430번길 40-6),37.0908733,126.7856251,환경사업소 신재생에너지과,031-5189-1827
386,대*태양광발전소,경기도 화성시 만세구 남양읍 신남리 393-6[건물 위] (고향의봄길216번길 60),37.17847858,126.8236657,환경사업소 신재생에너지과,031-5189-1827
387,효**너지2호태양광발전소,경기도 화성시 만세구 팔탄면 매곡리 187-5[건물 위] 3.1만세로 784),37.1129757,126.8835763,환경사업소 신재생에너지과,031-5189-3508
388,무**전소,"경기도 화성시 만세구 남양읍 무송리 131-13 1,2동[건물 위] (현대기아로 588)",37.20107536,126.8524806,환경사업소 신재생에너지과,031-5189-1827
389,대**기태양광발전소,"경기도 화성시 만세구 마도면 청원리 1440 1,2동[건물 위] (청원산단6길 23)",37.17124304,126.7679957,환경사업소 신재생에너지과,031-5189-1827
390,홍**태양광발전소,경기도 화성시 동탄구 영천동 738-4[건물 위] (동탄치동천로3길6-11),37.20429085,127.1228433,환경사업소 신재생에너지과,031-5189-3508
391,P**태양광발전소,경기도 화성시 동탄구 영천동 769-3[건물 위] (동탄치동천로4길 6-34),37.20289562,127.1291721,환경사업소 신재생에너지과,031-5189-3508
392,수**학태양광발전소,"경기도 화성시 효행구 봉담읍 분천리 110-2, 110-3[건물 위]",37.20392273,126.962171,환경사업소 신재생에너지과,031-5189-3508
393,미*태양광발전소,경기도 화성시 효행구 정남면 문학리 176-1[토지],37.14630563,126.9643247,환경사업소 신재생에너지과,031-5189-3508
394,솔**즈1호태양광발전소,"경기도 화성시 효행구 정남면 제기리 534-11 마,바동[건물] (제기길 )",37.13672622,127.0086178,환경사업소 신재생에너지과,031-5189-3508
395,솔**즈2호태양광발전소,"경기도 화성시 효행구 정남면 제기리 534-11 다,라동[건물] (제기길 )",37.13723058,127.0085132,환경사업소 신재생에너지과,031-5189-3508
396,솔**즈3호태양광발전소,"경기도 화성시 효행구 정남면 제기리 534-11 가,나동[건물] (제기길 )",37.13723058,127.0085132,환경사업소 신재생에너지과,031-5189-3508
397,한**기1태양광발전소,경기도 화성시 만세구 서신면 상안리 9-12[건물 위] (제부로 1056),37.19081697,126.7152127,환경사업소 신재생에너지과,031-5189-1827
398,한**기2태양광발전소,경기도 화성시 만세구 서신면 상안리 9-12[건물 위] (제부로 1056),37.19081697,126.7152127,환경사업소 신재생에너지과,031-5189-1827
399,진**태양광발전소,경기도 화성시 만세구 장안면 석포리 674-4[건물 위] (석포로 49),37.13507104,126.8403662,환경사업소 신재생에너지과,031-5189-1827
400,진**태양광발전소,경기도 화성시 만세구 장안면 석포리 674-4[토지] ,37.13507104,126.8403662,환경사업소 신재생에너지과,031-5189-1827
401,이**리새마을회2호태양광발전소,"경기도 화성시 만세구 우정읍 이화리 918, 917-1[건물, 토지] (이화뱅곳길102)",37.03752911,126.7979542,환경사업소 신재생에너지과,031-5189-1827
402,이**리새마을회3호태양광발전소,"경기도 화성시 만세구 우정읍 이화리 526[건물, 토지] (덕목길 76)",37.04277176,126.7897757,환경사업소 신재생에너지과,031-5189-1827
403,한*태양광발전소,"경기도 화성시 효행구 봉담읍 유리 121-3[건물 위] (신청로 1393-6, 가동)",37.17454094,126.9339925,환경사업소 신재생에너지과,031-5189-3508
404,창**호태양광발전소,"경기도 화성시 만세구 팔탄면 창곡리 275-2[건물 위] (푸른들판로 942-12 가,나동)",37.19066463,126.8846917,환경사업소 신재생에너지과,031-5189-3508
405,한*태양광발전소,"경기도 화성시 만세구 장안면 석포리 674-6, 674-6, 675-19[건물 위] (석포로 53)",37.13513695,126.8408722,환경사업소 신재생에너지과,031-5189-1827
406,성**호태양광발전소,경기도 화성시 만세구 남양읍 북양리 613[건물 위] (현대기아로 665),37.20733478,126.8548162,환경사업소 신재생에너지과,031-5189-1827
407,대**리솔라1호,"경기도 화성시 만세구 남양읍 온석리 394-1, 500-7[건물 위] (현대기아로 137)",37.16506732,126.8448023,환경사업소 신재생에너지과,031-5189-1827
408,대**리솔라2호,경기도 화성시 만세구 남양읍 온석리 500-25[건물 위] (현대기아로 147),37.16521509,126.845443,환경사업소 신재생에너지과,031-5189-1827
409,정**호태양광발전소,경기도 화성시 만세구 팔탄면 노하리 561-1[건물 위] (노하길330번길 58),37.15486906,126.8623572,환경사업소 신재생에너지과,031-5189-3508
410,진*태양광발전소,경기도 화성시 만세구 우정읍 조암리 793-6[건물 위] (조암동로36번길 9-1),37.08782447,126.823707,환경사업소 신재생에너지과,031-5189-1827
411,양*태양광발전소,"경기도 화성시 만세구 장안면 금의리 308-1, 308-2[토지]",37.10919791,126.8219413,환경사업소 신재생에너지과,031-5189-1827
412,연*태양광발전소,경기도 화성시 만세구 장안면 금의리 322-3[토지],37.1090894,126.8216941,환경사업소 신재생에너지과,031-5189-1827
413,동**지1호태양광발전소,"경기도 화성시 효행구 정남면 문학리 306-1, 307-8[건물 위] (서봉로 896-9, 896-7)",37.15371935,126.9652409,환경사업소 신재생에너지과,031-5189-3508
414,화**호태양광발전소,"경기도 화성시 만세구 장안면 독정리 1565, 1566, 1567, 1568[건물 위](고해길 178-21 1동)",37.06337862,126.8781625,환경사업소 신재생에너지과,031-5189-1827
415,화**호태양광발전소,"경기도 화성시 만세구 장안면 독정리 1565, 1566, 1567, 1568[건물 위](고해길 178-21 3동)",37.06337862,126.8781625,환경사업소 신재생에너지과,031-5189-1827
416,화**호태양광발전소,"경기도 화성시 만세구 장안면 독정리 1565, 1566, 1567, 1568[건물 위](고해길 178-21 5동)",37.06337862,126.8781625,환경사업소 신재생에너지과,031-5189-1827
417,선**태양광발전소,"경기도 화성시 효행구 정남면 망월리 255-6, 255-8, 255-10 [건물 위]( 정남동로 327 B,C,D,E동)",37.14905889,127.0089434,환경사업소 신재생에너지과,031-5189-3508
418,선**태양광발전소,"경기도 화성시 효행구 정남면 망월리 291-12[건물 위] (정남동로 325번길 10 B,C동)",37.14881248,127.008213,환경사업소 신재생에너지과,031-5189-3508
419,선**태양광발전소,경기도 화성시 효행구 정남면 망월리 291-12[건물 위] (정남동로 325번길 10 A동),37.14881248,127.008213,환경사업소 신재생에너지과,031-5189-3508
420,동**지2호태양광발전소,"경기도 화성시 만세구 향남읍 증거리 336-4[건물 위](만년로 130 A,B동)",37.1356031,126.9798923,환경사업소 신재생에너지과,031-5189-3508
421,선**태양광발전소,"경기도 화성시 효행구 정남면 망월리 291-9[건물 위] (정남동로 337번길 11-8 A,B동)",37.14907421,127.0082901,환경사업소 신재생에너지과,031-5189-3508
422,선**태양광발전소,"경기도 화성시 효행구 정남면 망워리 291-9 [건물 위] (정남동로 337번길 11-8 C,D,E동)",37.14907421,127.0082901,환경사업소 신재생에너지과,031-5189-3508
423,선**태양광발전소,"경기도 화성시 효행구 정남면 망월리 291-9, 255-6, 255-8, 255-10[건물 위] (정남동로 337번길 11-8 F동, 정남동로 327 A동)",37.14907421,127.0082901,환경사업소 신재생에너지과,031-5189-3508
424,청*태양광발전소,"경기도 화성시 만세구 마도면 청원리 307-10, 13, 19[건물 위] (해운로 739, 1,2동)",37.18438685,126.7566479,환경사업소 신재생에너지과,031-5189-1827
425,원**호태양광발전소 (부자 →원영2호),경기도 화성시 만세구 팔탄면 창곡리 31-7[건물] (언창공단길 31-20),37.19358683,126.8867524,환경사업소 신재생에너지과,031-5189-3508
426,원*태양광발전소,"경기도 화성시 만세구 팔탄면 창곡리 262, 264-27,  264-25, 264-34[건물] (푸른들판로 956-12)",37.19129125,126.8838528,환경사업소 신재생에너지과,031-5189-3508
427,홍*태양광발전소,"경기도 화성시 만세구 양감면 신왕리 799-2, 799-5[건물 위] (은행나무로 211-10, 211-8)",37.07852429,126.940051,환경사업소 신재생에너지과,031-5189-3508
428,청**2태양광발전소,"경기도 화성시 만세구 마도면 청원리 307-10, 13, 19[건물 위] (해운로 739, 2동)",37.18438685,126.7566479,환경사업소 신재생에너지과,031-5189-1827
429,화**크태양광발전소,경기도 화성시 만세구 양감면 사창리 985-4[건물 위] (초록로 378),37.08734076,126.9716147,환경사업소 신재생에너지과,031-5189-3508
430,클*태양광발전소,"경기도 화성시 효행구 정남면 문학리 430-5, 430-9[건물 위] (문학로 35)",37.1536919,126.9691601,환경사업소 신재생에너지과,031-5189-3508
431,경*태양광발전소1호,"경기도 화성시 만세구 장안면 노진리 1448, 6동[건물 위](남양황라로 167-36)",37.02874308,126.8154054,환경사업소 신재생에너지과,031-5189-1827
432,경*태양광발전소2호,"경기도 화성시 만세구 장안면 노진리 1448, 7동[건물 위](남양황라로 167-36)",37.02874308,126.8154054,환경사업소 신재생에너지과,031-5189-1827
433,경*태양광발전소3호,"경기도 화성시 만세구 장안면 노진리 1448, 8동[건물 위](남양황라로 167-36)",37.02874308,126.8154054,환경사업소 신재생에너지과,031-5189-1827
434,시*태양광발전소1호,"경기도 화성시 만세구 장안면 노진리 1448, 1동[건물 위](남양황라로 167-36)",37.02874308,126.8154054,환경사업소 신재생에너지과,031-5189-1827
435,시*태양광발전소2호,"경기도 화성시 만세구 장안면 노진리 1448, 2동[건물 위](남양황라로 167-36)",37.02874308,126.8154054,환경사업소 신재생에너지과,031-5189-1827
436,시*태양광발전소3호,"경기도 화성시 만세구 장안면 노진리 1448, 3동[건물 위](남양황라로 167-36)",37.02874308,126.8154054,환경사업소 신재생에너지과,031-5189-1827
437,시*태양광발전소4호,"경기도 화성시 만세구 장안면 노진리 1448, 4동[건물 위](남양황라로 167-36)",37.02874308,126.8154054,환경사업소 신재생에너지과,031-5189-1827
438,시*태양광발전소5호,"경기도 화성시 만세구 장안면 노진리 1448, 5동[건물 위](남양황라로 167-36)",37.02874308,126.8154054,환경사업소 신재생에너지과,031-5189-1827
439,진*태양광발전소,"경기도 화성시 만세구 양감면 요당리 7-1, 1-19[건물 위] (은행나무로 163-4, 167)",37.07526416,126.9387812,환경사업소 신재생에너지과,031-5189-3508
440,영*태양광발전소,"경기도 화성시 만세구 남양읍 문호리 314-1, 314-2, 314-9, 315-2[건물 위] (남양서로 612)",37.2617746,126.8031746,환경사업소 신재생에너지과,031-5189-1827
441,현*태양광발전소,경기도 화성시 효행구 비봉면 자안리 572[건물 위] (주석로 437-52),37.20405792,126.8689867,환경사업소 신재생에너지과,031-5189-1827
442,일*태양광발전소,"경기도 화성시 효행구 비봉면 자안리 572-29, 572-15, 572-6[건물 위] (주석로 437-50, -48)",37.20424014,126.8695213,환경사업소 신재생에너지과,031-5189-1827
443,성*태양광발전소,경기도 화성시 만세구 팔탄면 가재리 294-7[건물 위] (삼청병마로 518-5),37.15634988,126.9282156,환경사업소 신재생에너지과,031-5189-3508
444,은**주목상사태양광발전소,"경기도 화성시 만세구 팔탄면 노하리 1181-2[건물 위] (녹막말길9번길 93-16 1,2동)",37.16691356,126.862684,환경사업소 신재생에너지과,031-5189-3508
445,풍*태양광발전소,경기도 화성시 만세구 팔탄면 구장리 888[건물 위] (마당바위로 116),37.16104937,126.9104641,환경사업소 신재생에너지과,031-5189-3508
446,금*태양광발전소,경기도 화성시 만세구 팔탄면 구장리 888[건물 위] (마당바위로 116),37.16104937,126.9104641,환경사업소 신재생에너지과,031-5189-3508
447,선**앤피태양광발전소,"경기도 화성시 만세구 남양읍 온석리 344-7, 354-2[건물 위] (현대기아로 248)",37.17266696,126.846584,환경사업소 신재생에너지과,031-5189-1827
448,남**태양광발전소,경기도 화성시 효행구 정남면 발산리 665[건물 위] (발산3길 24 1동),37.15426217,126.9839877,환경사업소 신재생에너지과,031-5189-3508
449,남**태양광발전소,경기도 화성시 효행구 정남면 발산리 665[건물 위] (발산3길 24 2동),37.15426217,126.9839877,환경사업소 신재생에너지과,031-5189-3508
450,참**태양광발전소,"경기도 화성시 효행구 정남면 계향리 527, 527-1, 527-2, 527-5, 527-6[건물 위] (내향로 56, 52)",37.14802566,126.984647,환경사업소 신재생에너지과,031-5189-3508
451,동**기태양광발전소,경기도 화성시 만세구 팔탄면 율암리 510[건물 위] (시청로 874-30),37.16701428,126.8868996,환경사업소 신재생에너지과,031-5189-3508
452,율*태양광발전소,"경기도 화성시 만세구 향남읍 상신리 327-221, 327-222, 327-223 [건물 위] (범허리길 96-7 1,2동)",37.11032541,126.8940425,환경사업소 신재생에너지과,031-5189-3508
453,그*태양광발전소,경기도 화성시 만세구 팔탄면 해창리 77-13[건물 위] (해창길 133-29),37.10144482,126.8849639,환경사업소 신재생에너지과,031-5189-3508
454,한**너지태양광발전소,경기도 화성시 만세구 마도면 쌍송리 677-8[건물 위] (마도공단로5길 46-14),37.17917205,126.7896723,환경사업소 신재생에너지과,031-5189-1827
455,초**호태양광발전소,경기도 화성시 효행구 비봉면 청요리 613-2[건물 위] (청요로 33),37.20280804,126.8955013,환경사업소 신재생에너지과,031-5189-1827
456,용**옥태양광발전소,경기도 화성시 효행구 매송면 원평리 127-3[건물 위] (화성로 2372),37.24937379,126.9243788,환경사업소 신재생에너지과,031-5189-1827
457,화**호태양광발전소,"경기도 화성시 효행구 비봉면 자안리 540-1, 540-2, 540-17, 540-46, 540-53 1,2,3,4,5동[건물 위] (푸른들판로 1163-4)",37.20749195,126.870626,환경사업소 신재생에너지과,031-5189-1827
458,진*태양광발전소,"경기도 화성시 만세구 장안면 독정리 518-18 [건물 위] (포승장안로 1186번길 37-13, 1,2동)",37.07307062,126.8466296,환경사업소 신재생에너지과,031-5189-1827
459,제**스태양광발전소,"경기도 화성시 만세구 우정읍 이화리 451-3 [건물 위] (남양만로 684-8 A, B동)",37.0449777,126.7969185,환경사업소 신재생에너지과,031-5189-1827
460,진*태양광발전소,"경기도 화성시 만세구 장안면 사랑리 350-1 [건물 위] (사랑길 20-28, 20-30, 20-32, 20-34)",37.07314049,126.8189889,환경사업소 신재생에너지과,031-5189-1827
461,예*태양광발전소,"경기도 화성시 효행구 비봉면 쌍학리 396-1 1,2,3,4동[건물 위] (쌍학안길 48)",37.24221719,126.8920073,환경사업소 신재생에너지과,031-5189-1827
462,태**성노진태양광발전소 → 은혜화성2호 → 화성이호태양광,"경기도 화성시 만세구 장안면 노진리 111, 112, 113, 114, 120-5 [토지]",37.04873134,126.8241422,환경사업소 신재생에너지과,031-5189-1827
463,화**호태양광발전소,"경기도 화성시 효행구 비봉면 자안리 540-14, 540-30[건물 위](푸른들판로 1165-1)",37.20754729,126.8708622,환경사업소 신재생에너지과,031-5189-1827
464,발**업협동조합,"경기도 화성시 만세구 양감면  신왕리 633-4, F동 (초록로 12) ",37.0806075,126.9460098,환경사업소 신재생에너지과,031-5189-3508
465,상*태양광발전소,"경기도 화성시 만세구 팔탄면 율암리 387, 389 1,2,3동[건물 위](녹막말길 56)",37.16873533,126.8729975,환경사업소 신재생에너지과,031-5189-3508
466,이**1호태양광발전소,"경기도 화성시 효행구 정남면 고지리 162-2 [건물 위] (고지5길 16, 1동)",37.16507983,127.0096394,환경사업소 신재생에너지과,031-5189-3508
467,이**2호태양광발전소,"경기도 화성시 효행구 정남면 고지리 162-2 [건물 위] (고지5길 16, 2동)",37.16507983,127.0096394,환경사업소 신재생에너지과,031-5189-3508
468,이**3호태양광발전소,"경기도 화성시 효행구 정남면 고지리 162-2 [건물 위] (고지5길 16, 4동)",37.16507983,127.0096394,환경사업소 신재생에너지과,031-5189-3508
469,이**4호태양광발전소,"경기도 화성시 효행구 정남면 고지리 162-2 [건물 위] (고지5길 16, 5동)",37.16507983,127.0096394,환경사업소 신재생에너지과,031-5189-3508
470,이**5호태양광발전소,"경기도 화성시 효행구 정남면 고지리 162-2 [건물 위] (고지5길 16, 6동)",37.16507983,127.0096394,환경사업소 신재생에너지과,031-5189-3508
471,이**6호태양광발전소,"경기도 화성시 효행구 정남면 고지리 162-2 [건물 위] (고지5길 16, 7동)",37.16507983,127.0096394,환경사업소 신재생에너지과,031-5189-3508
472,이**7호태양광발전소 → 나**태양광발전소,경기도 화성시 효행구 정남면 고지리 162-19 [건물 위] (고지5길 11),37.16493248,127.0088857,환경사업소 신재생에너지과,031-5189-3508
473,홍*태양광발전소,경기도 화성시 만세구 서신면 전곡리 1110-3[건물 위] (전곡산단13길 7),37.18712911,126.6804266,환경사업소 신재생에너지과,031-5189-1827
474,양**태양광발전소,경기도 화성시 만세구 서신면 백미리 469-1[토지],37.14133416,126.6833701,환경사업소 신재생에너지과,031-5189-1827
475,에**라향남,경기도 화성시 만세구 향남읍 상신리 327-172외 19필지[건물 위] (상신로 448),37.11392359,126.8909895,환경사업소 신재생에너지과,031-5189-3508
476,에**라정남,경기도 화성시 효행구 정남면 발산리 50 외31필지[건물 위] (가장로 88),37.16813801,126.9933117,환경사업소 신재생에너지과,031-5189-3508
477,에**라남양,"경기도 화성시 만세구 남양읍 남양리 967-20, 967-11, 1923-1[건물 위] (마도공단로 119-15)",37.19346781,126.7968832,환경사업소 신재생에너지과,031-5189-1827
478,서*태양광발전소,경기도 화성시 효행구 정남면 발안로 983-31  [건물 위]  (제기리 388-11),37.12926817,127.0099832,환경사업소 신재생에너지과,031-5189-3508
479,진**미텍태양광발전소,"경기도 화성시 만세구 팔탄면 노하리 197-7, 2동, 3동 [건물 위] (노하길 347-12)",37.15874713,126.8660975,환경사업소 신재생에너지과,031-5189-3508
480,솔**크 태양광 주식회사,"경기도 화성시 만세구 우정읍 버들로 985-1, 985-4, 985-6, 985-14, 985-16, 985-18, 주곡리 39-6(건물 위)",37.11786864,126.8253196,환경사업소 신재생에너지과,031-5189-1827
481,스**베이 태양광발전소,경기도 화성시 만세구 우정읍 주곡리 1115,37.12935496,126.7977935,환경사업소 신재생에너지과,031-5189-1827
482,유**1호태양광발전소,"경기도 화성시 만세구 장안면 장안리 1773, 2032, 2033 [건물 위] (남양황라로 319-145, 1동)",37.02821255,126.8298461,환경사업소 신재생에너지과,031-5189-1827
483,유**2호태양광발전소,"경기도 화성시 만세구 장안면 장안리 1773, 2032, 2033 [건물 위] (남양황라로 319-145, 2동)",37.02821255,126.8298461,환경사업소 신재생에너지과,031-5189-1827
484,유**3호태양광발전소,"경기도 화성시 만세구 장안면 장안리 1773, 2032, 2033 [건물 위] (남양황라로 319-145, 1,2동)",37.02821255,126.8298461,환경사업소 신재생에너지과,031-5189-1827
485,유**4호태양광발전소,"경기도 화성시 만세구 장안면 장안리 1773, 2032, 2033 [건물 위] (남양황라로 319-145, 3동)",37.02821255,126.8298461,환경사업소 신재생에너지과,031-5189-1827
486,유**5호태양광발전소,"경기도 화성시 만세구 장안면 장안리 1773, 2032, 2033 [건물 위] (남양황라로 319-145, 4동)",37.02821255,126.8298461,환경사업소 신재생에너지과,031-5189-1827
487,유**6호태양광발전소,"경기도 화성시 만세구 장안면 장안리 1773, 2032, 2033 [건물 위] (남양황라로 319-145, 3,4동)",37.02821255,126.8298461,환경사업소 신재생에너지과,031-5189-1827
488,설*태양광발전소,"경기도 화성시 만세구 양감면 용소리 273, 273-1, 237-3 [건물 위] (용소말길 32-13, 32-15, 32-17)",37.07715038,126.9870533,환경사업소 신재생에너지과,031-5189-3508
489,영*태양광발전소,경기도 화성시 만세구 향남읍 증거리 330-2 [건물 위] (만년로151번길 10),37.13645684,126.9772519,환경사업소 신재생에너지과,031-5189-3508
490,영**호태양광발전소,경기도 화성시 만세구 향남읍 증거리 470-1 [건물 위] (만년로151번길 32),37.13508904,126.9757414,환경사업소 신재생에너지과,031-5189-3508
491,건*태양광발전소,"경기도 화성시 효행구 비봉면 쌍학리 432-1, 432-2, 432-3, 432-10[건물 위] (쌍학안길 58, 56)",37.24114712,126.8925119,환경사업소 신재생에너지과,031-5189-1827
492,서**&C태양광발전소,경기도 화성시 만세구 팔탄면 구장리 949-55[건물 위] (약수터길 127-3),37.15389587,126.9166685,환경사업소 신재생에너지과,031-5189-3508
493,원**호태양광발전소,"경기도 화성시 만세구 팔탄면 창곡리 283(B,C동)[건물 위] (언창길 52-5)",37.1904322,126.8850654,환경사업소 신재생에너지과,031-5189-3508
494,석*태양광발전소,경기도 화성시 만세구 송산면 신천리 213-1 [건물 위] (신천안길 36-22),37.25239956,126.7151946,환경사업소 신재생에너지과,031-5189-1827
495,용*태양광발전소,경기도 화성시 만세구 향남읍 백토리 87-1 [건물 위] (백토관리길 55),37.12243441,126.946268,환경사업소 신재생에너지과,031-5189-3508
496,화**호태양광발전소,"경기도 화성시 효행구 비봉면 자안리 379, 379-3, 380, 380-1, 381, 382, 389-1, 389-3, 390-3[건물 위] (자청로21번길 26)",37.2067203,126.8747006,환경사업소 신재생에너지과,031-5189-1827
497,육**태양광발전소,경기도 화성시 만세구 마도면 청원리 1193-1(1동)[건물 위] (해운로 658-82),37.17185493,126.7576831,환경사업소 신재생에너지과,031-5189-1827
498,박**태양광발전소,"경기도 화성시 만세구 우정읍 이화리 1241 [건물 위] (남양만로 442-13, 1,2동)",37.02604588,126.7965758,환경사업소 신재생에너지과,031-5189-1827
499,정**1호태양광발전소,"경기도 화성시 만세구 서신면 장외리 582-21, 582-6(1,3동)[건물 위](염전해안로70)",37.16344286,126.6807613,환경사업소 신재생에너지과,031-5189-1827
500,정**2호태양광발전소,"경기도 화성시 만세구 서신면 장외리 582-21, 582-6(2,4동)[건물 위](염전해안로70)",37.16344286,126.6807613,환경사업소 신재생에너지과,031-5189-1827
501,외*태양광발전소,"경기도 화성시 효행구 정남면 문학리 662-3번지  [건물 위]  (서봉로851번길 90, A동)",37.15286251,126.953276,환경사업소 신재생에너지과,031-5189-3508
502,율**호태양광발전소,"경기도 화성시 만세구 팔탄면 율암리398-3(1,2동)[건물 위](시청로 790-11)",37.16766297,126.8781876,환경사업소 신재생에너지과,031-5189-3508
503,수**호태양광발전소,"경기도 화성시 만세구 우정읍 화수리 951-11외 2필지 [건물 위]  (화수길 96-6, 1동)",37.10969339,126.7914135,환경사업소 신재생에너지과,031-5189-1827
504,걸*태양광발전소,"경기도 화성시 만세구 장안면 수촌리 1397 [건물 위] (칼바위길 96-84, 1동, 2동)",37.09244099,126.8782965,환경사업소 신재생에너지과,031-5189-1827
505,수**호태양광발전소,"경기도 화성시 만세구 우정읍 화수리 951-11외 2필지 [건물 위]  (화수길 96-6, 2동)",37.10969339,126.7914135,환경사업소 신재생에너지과,031-5189-1827
506,모**더스트리 제2태양광발전소,"경기도 화성시 효행구 정남면 백리 234-1, 문학리 556-3 [토지]",37.16204117,126.965644,환경사업소 신재생에너지과,031-5189-3508
507,현**속태양광발전소,경기도 화성시 만세구 서신면 전곡리 1112-2[건물 위](전곡산단11길 107),37.18291485,126.6771375,환경사업소 신재생에너지과,031-5189-1827
508,행**4태양광발전소,"경기도 화성시 만세구 송산면 봉가리 183, 183-2(B동)[건물 위](마도북로 1-40)",37.21146689,126.7413594,환경사업소 신재생에너지과,031-5189-1827
509,행**5태양광발전소,"경기도 화성시 만세구 송산면 봉가리 183, 183-2(C동)[건물 위](마도북로 1-40)",37.21146689,126.7413594,환경사업소 신재생에너지과,031-5189-1827
510,송**호태양광발전소,"경기도 화성시 만세구 서신면 송교리 70-1(1동),70-4(1동),70-5(1동)[건물 위](송교큰말길 45, 47, 49)",37.16684221,126.6705538,환경사업소 신재생에너지과,031-5189-1827
511,송**호태양광발전소,경기도 화성시 만세구 서신면 송교리 70(1동)[건물 위](송교큰말길 49-1),37.16702264,126.6705744,환경사업소 신재생에너지과,031-5189-1827
512,하**차태양광발전소,경기도 화성시 동탄구 중동 234-1 [건물 위](풀무골로 93),37.20470605,127.1374573,환경사업소 신재생에너지과,031-5189-3508
513,행*태양광발전소,"경기도 화성시 만세구 장안면 독정리 1618 [건물 위] (남양호로 426-31, 2동)",37.06078093,126.8778575,환경사업소 신재생에너지과,031-5189-1827
514,파*태양광발전소,"경기도 화성시 만세구 장안면 독정리 1618 [건물 위] (남양호로 426-31, 2동)",37.06078093,126.8778575,환경사업소 신재생에너지과,031-5189-1827
515,가*태양광발전소,"경기도 화성시 만세구 장안면 독정리 1618 [건물 위] (남양호로 426-31, 1동)",37.06078093,126.8778575,환경사업소 신재생에너지과,031-5189-1827
516,하*태양광발전소,"경기도 화성시 만세구 장안면 독정리 1618 [건물 위] (남양호로 426-31, 1동)",37.06078093,126.8778575,환경사업소 신재생에너지과,031-5189-1827
517,기*태양광발전소,"경기도 화성시 만세구 장안면 독정리 1618 [건물 위] (남양호로 426-31, 3동)",37.06078093,126.8778575,환경사업소 신재생에너지과,031-5189-1827
518,푸*태양광발전소,"경기도 화성시 만세구 장안면 독정리 1618 [건물 위] (남양호로 426-31, 3동)",37.06078093,126.8778575,환경사업소 신재생에너지과,031-5189-1827
519,미*태양광발전소,"경기도 화성시 만세구 장안면 독정리 1618 [건물 위] (남양호로 426-31, 4동)",37.06078093,126.8778575,환경사업소 신재생에너지과,031-5189-1827
520,맑*태양광발전소,"경기도 화성시 만세구 장안면 독정리 1618 [건물 위] (남양호로 426-31, 4동)",37.06078093,126.8778575,환경사업소 신재생에너지과,031-5189-1827
521,승**라태양광발전소,"경기도 화성시 만세구 팔탄면 덕우리 181-3, 181-6, 171-1(1,2동), 181(1동) [건물 위] (온천로 134, 132)",37.13638878,126.863762,환경사업소 신재생에너지과,031-5189-3508
522,미**라태양광발전소,"경기도 화성시 만세구 팔탄면 덕우리 181-3, 181-6, 171-1(1동), 181 [건물 위] (온천로 134)",37.13638878,126.863762,환경사업소 신재생에너지과,031-5189-3508
523,햇**눔화성1호발전소,경기도 화성시 만세구 마도면 쌍송리 690 [건물 위](마도공단로1길 198),37.17484907,126.7872909,환경사업소 신재생에너지과,031-5189-1827
524,중*태양광발전소,경기도 화성시 만세구 우정읍 조암리 517-1 [토지],37.08022129,126.8058074,환경사업소 신재생에너지과,031-5189-1827
525,리**곡1호태양광발전소,"경기도 화성시 만세구 장안면 사곡리 267-22, 267-21, 1동 [건물 위] (화곡로 294-47)",37.06158397,126.8189235,환경사업소 신재생에너지과,031-5189-1827
526,리**곡2호태양광발전소,"경기도 화성시 만세구 장안면 사곡리 267-22, 267-21, 2동 [건물 위] (화곡로 294-47)",37.06158397,126.8189235,환경사업소 신재생에너지과,031-5189-1827
527,리**곡3호태양광발전소,"경기도 화성시 만세구 장안면 사곡리 267-22, 267-21, 3동 [건물 위] (화곡로 294-47)",37.06158397,126.8189235,환경사업소 신재생에너지과,031-5189-1827
528,리**곡4호태양광발전소,"경기도 화성시 만세구 장안면 사곡리 267-22, 267-21, 8,9동 [건물 위] (화곡로 294-47)",37.06158397,126.8189235,환경사업소 신재생에너지과,031-5189-1827
529,리**곡5호태양광발전소,"경기도 화성시 만세구 장안면 사곡리 267-22, 267-21, 10,14동 [건물 위] (화곡로 294-47)",37.06158397,126.8189235,환경사업소 신재생에너지과,031-5189-1827
530,장**호태양광발전소,"경기도 화성시 만세구 장안면  사곡리 267-22, 267-21, 7동  [건물 위] (화곡로 294-47)",37.06158397,126.8189235,환경사업소 신재생에너지과,031-5189-1827
531,장**호태양광발전소,"경기도 화성시 만세구 장안면  사곡리 267-22, 267-21, 6동  [건물 위] (화곡로 294-47)",37.06158397,126.8189235,환경사업소 신재생에너지과,031-5189-1827
532,장**호태양광발전소,"경기도 화성시 만세구 장안면  사곡리 267-22, 267-21, 5동  [건물 위] (화곡로 294-47)",37.06158397,126.8189235,환경사업소 신재생에너지과,031-5189-1827
533,장**호태양광발전소,"경기도 화성시 만세구 장안면  사곡리 267-22, 267-21, 12동, 13동 [건물 위] (화곡로 294-47)",37.06158397,126.8189235,환경사업소 신재생에너지과,031-5189-1827
534,장**호태양광발전소,"경기도 화성시 만세구 장안면  사곡리 267-22, 267-21, 4동, 11동 [건물 위]  (화곡로 294-47)",37.06158397,126.8189235,환경사업소 신재생에너지과,031-5189-1827
535,웅**호태양광발전소,"경기도 화성시 효행구 정남면 망월리 176, 176-1 [건물 위](정남동로 325번길 35-116)",37.14840259,127.0007272,환경사업소 신재생에너지과,031-5189-3508
536,웅**호태양광발전소,"경기도 화성시 효행구 정남면 망월리 176, 176-1 [건물 위](정남동로 325번길 35-116)",37.14840259,127.0007272,환경사업소 신재생에너지과,031-5189-3508
537,화**탄바이오가스발전소,경기도 화성시 동탄구 동탄대로9길 76(동탄2크린에너지센터 내),37.17522667,127.0973491,환경사업소 신재생에너지과,031-5189-3508
538,이*태양광발전소,"경기도 화성시 만세구 우정읍 조암리 266-58, 1동[건물 위] (조암남로33번길 9-7)",37.08398739,126.8179242,환경사업소 신재생에너지과,031-5189-1827
539,이**태양광발전소,"경기도 화성시 만세구 장안면 노진리 824, 1동[건물 위] (노진길 117-4)",37.0433653,126.8156115,환경사업소 신재생에너지과,031-5189-1827
540,S**1호태양광발전소 → 에스티에스1호태양광발전소,"경기도 화성시 만세구 마도면 청원리 685-13, 685-20[건물 위](청원로 231번길 42-36)",37.18022297,126.7771354,환경사업소 신재생에너지과,031-5189-1827
541,J*태양광발전소,"경기도 화성시 만세구 마도면 청원리 685-13, 685-20[건물 위](청원로 231번길 42-36)",37.18022297,126.7771354,환경사업소 신재생에너지과,031-5189-1827
542,세**태양광발전소 →유성2호태양광발전소,"경기도 화성시 만세구 서신면 송교리 70-5, 1동                 [건물 위](송교큰말길 45)",37.16671776,126.670803,환경사업소 신재생에너지과,031-5189-1827
543,유*태양광발전소,"경기도 화성시 만세구 서신면 송교리 70-4, 1동                 [건물 위](송교큰말길 49)",37.16690751,126.6708685,환경사업소 신재생에너지과,031-5189-1827
544,㈜**기업 태양광발전소,"경기도 화성시 효행구 정남면 백리 234-1, 문학리 556-3 [건물 위]",37.16204117,126.965644,환경사업소 신재생에너지과,031-5189-1827
545,안**민햇빛25호발전소,"경기도 화성시 만세구 팔탄면 율암리 132 외 2필지, 2동 [건물 위] (밤뒤길 109-10)",37.17193002,126.8788398,환경사업소 신재생에너지과,031-5189-3508
546,해**기태양광발전소,"경기도 화성시 만세구 장안면 장안리 1991, 1동 ~ 9동 [건물 위] (남양황라로 330-18)",37.02414736,126.8330859,환경사업소 신재생에너지과,031-5189-1827
547,땡**태양광발전소,"경기도 화성시 만세구 장안면 장안리 1992, 1동 ~ 9동 [건물 위] (남양황라로 330-14)",37.02460706,126.8330819,환경사업소 신재생에너지과,031-5189-1827
548,법*태양광발전소,"경기도 화성시 만세구 장안면 장안리 1999, 1동 ~ 9동 [건물 위] (남양황라로 330-10)",37.02506677,126.8330778,환경사업소 신재생에너지과,031-5189-1827
549,구*태양광발전소,"경기도 화성시 효행구 정남면 음양리 정남일반산업단지 4블록 5로트, C동, D동 [건물 위] (정남산단2길 18)",37.14646374,127.024646,환경사업소 신재생에너지과,031-5189-3508
550,나*태양광발전소,"경기도 화성시 효행구 정남면  음양리 정남일반산업단지  4블록 5로트, B동 [건물 위](정남산단2길 18)",37.14646374,127.024646,환경사업소 신재생에너지과,031-5189-3508
551,행*태양광발전소,경기도 화성시 만세구 우정읍 화산리 139-38 [건물 위] (사기말길27번길 88),37.07389888,126.7969485,환경사업소 신재생에너지과,031-5189-1827
552,형**태양광발전소,"경기도 화성시 만세구 우정읍 화수리 1042, 1동 [건물 위] (버들로 599-4)",37.1012878,126.7936863,환경사업소 신재생에너지과,031-5189-1827
553,진**광발전소,경기도 화성시 만세구 서신면 용두리 298-1 [건물 위] (궁평항로 1464-12),37.1475116,126.7013597,환경사업소 신재생에너지과,031-5189-1827
554,상*태양광발전소,"경기도 화성시 만세구 마도면 청원리 977-2, 977-7, 1동 [건물 위] (청원로274번길 139)",37.17048648,126.7828376,환경사업소 신재생에너지과,031-5189-1827
555,나**이티태양광발전소,"경기도 화성시 만세구 향남읍 수직리 308-20, 308-40, 가, 나, 라동[건물 위] (발안로 702-67)",37.12095633,126.9842926,환경사업소 신재생에너지과,031-5189-3508
556,사**태양광발전소3호,"경기도 화성시 만세구 서신면 홍법리 609, 1동 [건물 위]",37.16167241,126.7285562,환경사업소 신재생에너지과,031-5189-1827
557,사**태양광발전소4호,"경기도 화성시 만세구 서신면 홍법리 609, 2동 [건물 위]",37.16167241,126.7285562,환경사업소 신재생에너지과,031-5189-1827
558,성**S,경기도 화성시 효행구 배양동 69-230[건물 위]       (배양남길 110-3 ),37.21913865,126.99289,환경사업소 신재생에너지과,031-5189-3508
559,덕*태양광발전소,"경기도 화성시 만세구 팔탄면 덕우리 96, 1동 [건물 위] (온천로 153)",37.13771663,126.8626025,환경사업소 신재생에너지과,031-5189-3508
560,제*태양광발전소,"경기도 화성시 만세구 팔탄면 창곡리 1031-15, 1031-17 [건물 위] (푸른들판로 760)",37.17521093,126.8909563,환경사업소 신재생에너지과,031-5189-3508
561,정*태양광발전소,"경기도 화성시 만세구 팔탄면 창곡리 1031-10, 1031-13 [건물 위] (푸른들판로 764)",37.17562503,126.8908516,환경사업소 신재생에너지과,031-5189-3508
562,예*태양광발전소,"경기도 화성시 만세구 장안면 사곡리 745, 745-1, 1동 [건물 위] (화곡로 193-63)",37.05753336,126.8117207,환경사업소 신재생에너지과,031-5189-1827
563,예*태양광발전소,"경기도 화성시 만세구 장안면 사곡리 745, 745-1, 2동 [건물 위] (화곡로 193-63)",37.05753336,126.8117207,환경사업소 신재생에너지과,031-5189-1827
564,나*태양광발전소,"경기도 화성시 만세구 장안면 사곡리 745, 745-1, 3동, 4동 [건물 위] (화곡로 193-63)",37.05753336,126.8117207,환경사업소 신재생에너지과,031-5189-1827
565,금**동경로당태양광발전소,경기도 화성시 동탄구 금곡동 116[건물 위](금곡로257번길 32-7),37.18362363,127.0754934,환경사업소 신재생에너지과,031-5189-3508
566,H**두리반태양광발전소,"경기도 화성시 만세구 팔탄면 구장리 146-4, A동 [건물 위] (푸른들판로 622)",37.16422779,126.8972166,환경사업소 신재생에너지과,031-5189-3508
567,썬**광발전소,"경기도 화성시 만세구 남양읍 온석리 399-8(1동), 399-80 [건물 위] (현대기아로125번길 17(1동), 현대기아로125번길 15)",37.16437,126.8425895,환경사업소 신재생에너지과,031-5189-1827
568,쏘**이피씨코리아 태양광발전소,"경기도 화성시 만세구 우정읍 화산리 1151-1, 1151-6, 1151-7, 1동, 4동 [건물 위] (배미능골길 112-35)",37.05908699,126.7748108,환경사업소 신재생에너지과,031-5189-1827
569,한**호태양광발전소,"경기도 화성시 만세구 우정읍 운평리 103, 104-2, A동, B동 [건물 위] (버들로 215-26) ",37.08196353,126.789489,환경사업소 신재생에너지과,031-5189-1827
570,한**호태양광발전소,"경기도 화성시 만세구 우정읍 운평리 103, 104-2, C동, D동 [건물 위] (버들로 215-26) ",37.08196353,126.789489,환경사업소 신재생에너지과,031-5189-1827
571,금**호태양광발전소,"경기도 화성시 만세구 장안면 덕다리 638, A동 [건물 위] (덕다길 246-23)",37.05081091,126.8314019,환경사업소 신재생에너지과,031-5189-1827
572,금**호태양광발전소,"경기도 화성시 만세구 장안면 덕다리 638, B동 [건물 위] (덕다길 246-23)",37.05081091,126.8314019,환경사업소 신재생에너지과,031-5189-1827
573,카**림1호태양광발전소,"경기도 화성시 만세구 장안면 덕다리 549, A동 [건물 위] (구래길 115-24)",37.0589171,126.8286426,환경사업소 신재생에너지과,031-5189-1827
574,카**림2호태양광발전소,"경기도 화성시 만세구 장안면 덕다리 549, B동 [건물 위] (구래길 115-24)",37.0589171,126.8286426,환경사업소 신재생에너지과,031-5189-1827
575,준**광발전소,경기도 화성시 만세구 장안면 장안리 1043-32 [건물 위] (온수골1길 132),37.03470288,126.8476556,환경사업소 신재생에너지과,031-5189-1827
576,모**호태양광발전소,"경기도 화성시 효행구 정남면 금복리 91, 1동[건물 위](정남동로 453-86)",37.16006167,126.9995018,환경사업소 신재생에너지과,031-5189-3508
577,모**호태양광발전소,"경기도 화성시 효행구 정남면 금복리 91, 2동[건물 위](정남동로 453-86)",37.16006167,126.9995018,환경사업소 신재생에너지과,031-5189-3508
578,모**호태양광발전소,"경기도 화성시 효행구 정남면 금복리 91, 1동,2동[건물 위](정남동로 453-86)",37.16006167,126.9995018,환경사업소 신재생에너지과,031-5189-3508
579,경*태양광발전소,경기도 화성시 만세구 장안면 독정리 10 [건물 위] (고해길 119-6),37.06509794,126.8708708,환경사업소 신재생에너지과,031-5189-1827
580,요**태양광발전소,경기도 화성시 만세구 장안면 노진리 1360 [건물 위] (노진길 267),37.03164652,126.820259,환경사업소 신재생에너지과,031-5189-1827
581,흥**호태양광발전소,"경기도 화성시 만세구 우정읍 주곡리 26-25, 2동, 3동 [건물 위] (버들로 1031-7)",37.11912452,126.8290118,환경사업소 신재생에너지과,031-5189-1827
582,흥**호태양광발전소,"경기도 화성시 만세구 우정읍 주곡리 26-25, 1동 [건물 위] (버들로 1031-7)",37.11912452,126.8290118,환경사업소 신재생에너지과,031-5189-1827
583,월**크태양광발전소,"경기도 화성시 만세구 마도면 백곡리 344-10, A동 [건물 위] (마도로82-7)",37.18046605,126.7174941,환경사업소 신재생에너지과,031-5189-1827
584,호**당태양광발전소,"경기도 화성시 만세구 송산면 사강리 386-15, 가동 [건물 위] (송산포도로307번길 1)",37.21756158,126.7152739,환경사업소 신재생에너지과,031-5189-1827
585,원**장태양광발전소,경기도 화성시 효행구 비봉면 삼화리 985 [건물 위] (삼화길 206),37.25059815,126.857492,환경사업소 신재생에너지과,031-5189-1827
586,효*태양광발전소,"경기도 화성시 마도면 송정리 107-24, 107-37 만세구 남양읍 원천리 682-15, 682-26, 2동, 3동 [건물 위] (송정로264번길 39-9)",37.22107517,126.7982967,환경사업소 신재생에너지과,031-5189-3508
587,화**호태양광발전소,"경기도 화성시 만세구 장안면 독정리 1565, 1566, 1567, 1568, 2동, 4동 [건물 위] (고해길 178-21)",37.06337862,126.8781625,환경사업소 신재생에너지과,031-5189-1827
588,화**호태양광발전소,"경기도 화성시 만세구 장안면 독정리 1565, 1566, 1567, 1568, 6동 [건물 위] (고해길 178-21)",37.06337862,126.8781625,환경사업소 신재생에너지과,031-5189-1827
589,동**너지1호,"경기도 화성시 만세구 양감면 요당리 75-21, 75-35, 75-38, 3동[건물 위] (요당길 279-10)",37.06902994,126.9433718,환경사업소 신재생에너지과,031-5189-3508
590,동**너지2호,"경기도 화성시 만세구 양감면 요당리 75-21, 75-35, 75-38, 5동[건물 위] (요당길 279-10)",37.06902994,126.9433718,환경사업소 신재생에너지과,031-5189-3508
591,성**너지1호,"경기도 화성시 만세구 양감면 요당리 75-21, 75-35, 75-38, 3동,6동[건물 위] (요당길 279-10)",37.06902994,126.9433718,환경사업소 신재생에너지과,031-5189-3508
592,성**너지2호,"경기도 화성시 만세구 양감면 요당리 75-21, 75-35, 75-38, 5동[건물 위] (요당길 279-10)",37.06902994,126.9433718,환경사업소 신재생에너지과,031-5189-3508
593,동*태양광2호발전소,"경기도 화성시 만세구 양감면 요당리 75-21, 75-35, 75-38, 3동[건물 위] (요당길 279-10)",37.06902994,126.9433718,환경사업소 신재생에너지과,031-5189-3508
594,동*태양광3호발전소,"경기도 화성시 만세구 양감면 요당리 75-21, 75-35, 75-38, 5동, 6동[건물 위] (요당길 279-10)",37.06902994,126.9433718,환경사업소 신재생에너지과,031-5189-3508
595,원**리에너지자립마을발전소,경기도 화성시 만세구 우정읍 원안리 446 [건물 위] (원안길 58),37.10560262,126.7767535,환경사업소 신재생에너지과,031-5189-1827
596,동*태양광6호발전소,"경기도 화성시 만세구 양감면 요당리 75-34, 75-22, 20동[건물 위] (요당길 279-10)",37.06902994,126.9433718,환경사업소 신재생에너지과,031-5189-3508
597,동*태양광7호발전소,"경기도 화성시 만세구 양감면 요당리 75-29, 1동[건물 위] (요당길 279-36)",37.07055355,126.9434169,환경사업소 신재생에너지과,031-5189-3508
598,은*태양광발전소,"경기도 화성시 만세구 마도면 금당리 189, 189-4, 189-5, 다동 [건물 위] (마도로 395)",37.18970249,126.7462529,환경사업소 신재생에너지과,031-5189-1827
599,정*태양광발전소,"경기도 화성시 만세구 마도면 금당리 189, 189-4, 189-5, 나동(우측) [건물 위] (마도로 395)",37.18970249,126.7462529,환경사업소 신재생에너지과,031-5189-1827
600,휴*태양광발전소,"경기도 화성시 만세구 마도면 금당리 189, 189-4, 189-5, 가동 [건물 위] (마도로 395)",37.18970249,126.7462529,환경사업소 신재생에너지과,031-5189-1827
601,경*태양광발전소,"경기도 화성시 만세구 마도면 금당리 189, 189-4, 189-5, 나동(좌측) [건물 위] (마도로 395)",37.18970249,126.7462529,환경사업소 신재생에너지과,031-5189-1827
602,망**태양광발전소,"경기도 화성시 효행구 정남면  망월리 156번지, 주건축물제1동[건물 위] (정남동로325번길 36-25)",37.14940225,127.0048084,환경사업소 신재생에너지과,031-5189-3508
603,삼*태양광발전소1호,"경기도 화성시 만세구 장안면 장안리 1889, 1동, 2동 [건물 위] (남양황라로 356-150)",37.0182356,126.8269772,환경사업소 신재생에너지과,031-5189-1827
604,삼*태양광발전소2호,"경기도 화성시 만세구 장안면 장안리 1889, 3동, 4동 [건물 위] (남양황라로 356-150)",37.0182356,126.8269772,환경사업소 신재생에너지과,031-5189-1827
605,삼*태양광발전소3호,"경기도 화성시 만세구 장안면 장안리 1889, 5동, 6동 [건물 위] (남양황라로 356-150)",37.0182356,126.8269772,환경사업소 신재생에너지과,031-5189-1827
606,삼*태양광발전소4호,"경기도 화성시 만세구 장안면 장안리 1889, 7동 [건물 위] (남양황라로 356-150)",37.0182356,126.8269772,환경사업소 신재생에너지과,031-5189-1827
607,삼*태양광발전소1호,"경기도 화성시 만세구 장안면 장안리 1892, 1동, 2동 [건물 위] (남양황라로 356-148)",37.0177759,126.8269813,환경사업소 신재생에너지과,031-5189-1827
608,삼*태양광발전소2호,"경기도 화성시 만세구 장안면 장안리 1892, 3동, 4동 [건물 위] (남양황라로 356-148)",37.0177759,126.8269813,환경사업소 신재생에너지과,031-5189-1827
609,삼*태양광발전소3호,"경기도 화성시 만세구 장안면 장안리 1892, 5동, 6동 [건물 위] (남양황라로 356-148)",37.0177759,126.8269813,환경사업소 신재생에너지과,031-5189-1827
610,삼*태양광발전소4호,"경기도 화성시 만세구 장안면 장안리 1892, 7동 [건물 위] (남양황라로 356-148)",37.0177759,126.8269813,환경사업소 신재생에너지과,031-5189-1827
611,윤*태양광발전소1호,"경기도 화성시 만세구 장안면 장안리 1646, 1671, 1동, 2동 [건물 위] (남양황라로 264-102)",37.02092285,126.8208267,환경사업소 신재생에너지과,031-5189-1827
612,윤*태양광발전소2호,"경기도 화성시 만세구 장안면 장안리 1646, 1671, 4동, 5동 [건물 위] (남양황라로 264-102)",37.02092285,126.8208267,환경사업소 신재생에너지과,031-5189-1827
613,윤*태양광발전소3호,"경기도 화성시 만세구 장안면 장안리 1646, 1671, 3동, 6동 [건물 위] (남양황라로 264-102)",37.02092285,126.8208267,환경사업소 신재생에너지과,031-5189-1827
614,윤*태양광발전소4호,"경기도 화성시 만세구 장안면 장안리 1646, 1671, 7동, 8동 [건물 위] (남양황라로 264-102)",37.02092285,126.8208267,환경사업소 신재생에너지과,031-5189-1827
615,윤*태양광발전소5호,"경기도 화성시 만세구 장안면 장안리 1646, 1671, 9동, 10동, 11동 [건물 위] (남양황라로 264-102)",37.02092285,126.8208267,환경사업소 신재생에너지과,031-5189-1827
616,윤*태양광발전소6호,"경기도 화성시 만세구 장안면 장안리 2261, 1동, 2동 [건물 위] (남양황라로 360-79)",37.01969316,126.8360926,환경사업소 신재생에너지과,031-5189-1827
617,윤*태양광발전소7호,"경기도 화성시 만세구 장안면 장안리 2261, 4동, 5동 [건물 위] (남양황라로 360-79)",37.01969316,126.8360926,환경사업소 신재생에너지과,031-5189-1827
618,윤*태양광발전소8호,"경기도 화성시 만세구 장안면 장안리 2261, 3동, 6동 [건물 위] (남양황라로 360-79)",37.01969316,126.8360926,환경사업소 신재생에너지과,031-5189-1827
619,윤*태양광발전소9호,"경기도 화성시 만세구 장안면 장안리 2261, 7동, 8동 [건물 위] (남양황라로 360-79)",37.01969316,126.8360926,환경사업소 신재생에너지과,031-5189-1827
620,윤*태양광발전소10호,"경기도 화성시 만세구 장안면 장안리 2261, 9동 [건물 위] (남양황라로 360-79)",37.01969316,126.8360926,환경사업소 신재생에너지과,031-5189-1827
621,세**너지태양광발전소,"경기도 화성시 만세구 장안면 독정리 1597-1, 1동, 2동 [건물 위] (고해길 178-10)",37.06336911,126.8763516,환경사업소 신재생에너지과,031-5189-1827
622,은**너지태양광발전소,"경기도 화성시 만세구 장안면 독정리 1597-1, 3동, 4동 [건물 위] (고해길 178-10)",37.06336911,126.8763516,환경사업소 신재생에너지과,031-5189-1827
623,창**지태양광발전소,"경기도 화성시 만세구 장안면 독정리 1597, 1동, 2동 [건물 위] (고해길 178-14)",37.06374016,126.8766298,환경사업소 신재생에너지과,031-5189-1827
624,조**너지태양광발전소,"경기도 화성시 만세구 장안면 독정리 1597, 3동, 4동 [건물 위] (고해길 178-14)",37.06374016,126.8766298,환경사업소 신재생에너지과,031-5189-1827
625,원**지태양광발전소,"경기도 화성시 만세구 장안면 독정리 1598-1, 1동, 2동 [건물 위] (고해길 178-8)",37.06360093,126.8758661,환경사업소 신재생에너지과,031-5189-1827
626,훈**지태양광발전소,"경기도 화성시 만세구 장안면 독정리 1598-1, 3동, 4동 [건물 위] (고해길 178-8)",37.06360093,126.8758661,환경사업소 신재생에너지과,031-5189-1827
627,유**너지태양광발전소,"경기도 화성시 만세구 장안면 독정리 1598, 1동, 2동 [건물 위] (고해길 178-6)",37.06397197,126.8761442,환경사업소 신재생에너지과,031-5189-1827
628,지**너지태양광발전소,"경기도 화성시 만세구 장안면 독정리 1598, 3동, 4동 [건물 위] (고해길 178-6)",37.06397197,126.8761442,환경사업소 신재생에너지과,031-5189-1827
629,대**전소,"경기도 화성시 만세구 송산면 칠곡리 407-4, 1동 [건물 위] (당성로 413-17)",37.20197968,126.7076149,환경사업소 신재생에너지과,031-5189-1827
630,궁**리태양광발전소,경기도 화성시 만세구 서신면 궁평리 474-1 [건물 위] (수문개길 56),37.12542598,126.6892089,환경사업소 신재생에너지과,031-5189-1827
631,형**2태양광발전소,"경기도 화성시 만세구 우정읍 화수리 1042, 2동(좌측) [건물 위] (버들로 599-4)",37.1012878,126.7936863,환경사업소 신재생에너지과,031-5189-1827
632,형**태양광발전소,"경기도 화성시 만세구 우정읍 화수리 1042, 2동(우측) [건물 위] (버들로 599-4)",37.1012878,126.7936863,환경사업소 신재생에너지과,031-5189-1827
633,경**에스태양광발전소,"경기도 화성시 만세구 팔탄면 해창리 373, 1동 [건물 위] (3.1만세로 612-29)",37.10410058,126.8705709,환경사업소 신재생에너지과,031-5189-3508
634,해**기2호태양광발전소,"경기도 화성시 만세구 장안면 장안리 1991, 9동 [건물 위] (남양황라로 330-18)",37.02414736,126.8330859,환경사업소 신재생에너지과,031-5189-1827
635,썬**태양광발전소,"경기도 화성시 만세구 장안면 장안리 1992, 7동 [건물 위] (남양황라로 330-14)",37.02460706,126.8330819,환경사업소 신재생에너지과,031-5189-1827
636,송*태양광발전소,"경기도 화성시 만세구 장안면 장안리 1999, 3동 [건물 위] (남양황라로 330-10)",37.02506677,126.8330778,환경사업소 신재생에너지과,031-5189-1827
637,덕*태양광1호,"경기도 화성시 만세구 장안면 노진리 1034-1, 15동 [건물 위] (갈우물길69번길 21-58)",37.05069956,126.8260609,환경사업소 신재생에너지과,031-5189-1827
638,덕*태양광2호,"경기도 화성시 만세구 장안면 노진리 1034-1, 16동 [건물 위] (갈우물길69번길 21-58)",37.05069956,126.8260609,환경사업소 신재생에너지과,031-5189-1827
639,덕*태양광3호,"경기도 화성시 만세구 장안면 노진리 1034-1, 17동 [건물 위] (갈우물길69번길 21-58)",37.05069956,126.8260609,환경사업소 신재생에너지과,031-5189-1827
640,덕*태양광4호,"경기도 화성시 만세구 장안면 노진리 1034-1, 18동 [건물 위] (갈우물길69번길 21-58)",37.05069956,126.8260609,환경사업소 신재생에너지과,031-5189-1827
641,덕*태양광5호,"경기도 화성시 만세구 장안면 노진리 1034-1, 22동 [건물 위] (갈우물길69번길 21-58)",37.05069956,126.8260609,환경사업소 신재생에너지과,031-5189-1827
642,사**전소,"경기도 화성시 만세구 장안면 노진리 1034-2, 23동 [건물 위] (갈우물길69번길 21-60)",37.05057809,126.8268942,환경사업소 신재생에너지과,031-5189-1827
643,양**전소,"경기도 화성시 만세구 장안면 노진리 1034-2, 24동 [건물 위] (갈우물길69번길 21-62)",37.05057809,126.8268942,환경사업소 신재생에너지과,031-5189-1827
644,솔**드,"경기도 화성시 만세구 장안면 노진리 1034-3, 25동 [건물 위] (갈우물길69번길 21-64)",37.05033511,126.8269638,환경사업소 신재생에너지과,031-5189-1827
645,미**전소,"경기도 화성시 만세구 장안면 노진리 1034-3, 26동 [건물 위] (갈우물길69번길 21-68)",37.05033511,126.8269638,환경사업소 신재생에너지과,031-5189-1827
646,엠**앤제이1호,"경기도 화성시 만세구 장안면 노진리 1034-4, 19동 [건물 위] (갈우물길69번길 21-66)",37.05021333,126.8261552,환경사업소 신재생에너지과,031-5189-1827
647,엠**앤제이2호,"경기도 화성시 만세구 장안면 노진리 1034-4, 20동 [건물 위] (갈우물길69번길 21-66)",37.05021333,126.8261552,환경사업소 신재생에너지과,031-5189-1827
648,엠**앤제이3호,"경기도 화성시 만세구 장안면 노진리 1034-4, 27동 [건물 위] (갈우물길69번길 21-66)",37.05021333,126.8261552,환경사업소 신재생에너지과,031-5189-1827
649,라*태양광발전소,"경기도 화성시 만세구 장안면 노진리 1034-5, 28동 [건물 위] (갈우물길69번길 21-72)",37.04997028,126.8262135,환경사업소 신재생에너지과,031-5189-1827
650,해*태양광발전소,"경기도 화성시 만세구 장안면 노진리 1034-5, 21동 [건물 위] (갈우물길69번길 21-70)",37.04997028,126.8262135,환경사업소 신재생에너지과,031-5189-1827
651,진**전소,"경기도 화성시 만세구 장안면 노진리 1034-6, 7동 [건물 위] (갈우물길69번길 21-56)",37.04996126,126.8246279,환경사업소 신재생에너지과,031-5189-1827
652,씽**전소,"경기도 화성시 만세구 장안면 노진리 1034-6, 14동 [건물 위] (갈우물길69번길 21-56)",37.04996126,126.8246279,환경사업소 신재생에너지과,031-5189-1827
653,제**발전소1호,"경기도 화성시 만세구 장안면 노진리 1034-7, 6동 [건물 위] (갈우물길69번길 21-54)",37.0500693,126.8246045,환경사업소 신재생에너지과,031-5189-1827
654,제**발전소2호,"경기도 화성시 만세구 장안면 노진리 1034-7, 12동 [건물 위] (갈우물길69번길 21-54)",37.0500693,126.8246045,환경사업소 신재생에너지과,031-5189-1827
655,제**발전소3호,"경기도 화성시 만세구 장안면 노진리 1034-7, 13동 [건물 위] (갈우물길69번길 21-54)",37.0500693,126.8246045,환경사업소 신재생에너지과,031-5189-1827
656,천**에너지,"경기도 화성시 만세구 장안면 노진리 1034-8, 4동 [건물 위] (갈우물길69번길 21-52)",37.05032124,126.8245235,환경사업소 신재생에너지과,031-5189-1827
657,천**에너지,"경기도 화성시 만세구 장안면 노진리 1034-8, 5동 [건물 위] (갈우물길69번길 21-52)",37.05032124,126.8245235,환경사업소 신재생에너지과,031-5189-1827
658,서**너지,"경기도 화성시 만세구 장안면 노진리 1034-9, 2동 [건물 위] (갈우물길69번길 21-50)",37.05057324,126.8244538,환경사업소 신재생에너지과,031-5189-1827
659,장**너지,"경기도 화성시 만세구 장안면 노진리 1034-9, 3동 [건물 위] (갈우물길69번길 21-50)",37.05057324,126.8244538,환경사업소 신재생에너지과,031-5189-1827
660,수**너지,"경기도 화성시 만세구 장안면 노진리 1034-10, 1동 [건물 위] (갈우물길69번길 21-47)",37.05069937,126.8244414,환경사업소 신재생에너지과,031-5189-1827
661,금**너지,"경기도 화성시 만세구 장안면 노진리 1034-10, 8동 [건물 위] (갈우물길69번길 21-47)",37.05069937,126.8244414,환경사업소 신재생에너지과,031-5189-1827
662,지**너지,"경기도 화성시 만세구 장안면 노진리 1034-10, 9동 [건물 위] (갈우물길69번길 21-47)",37.05069937,126.8244414,환경사업소 신재생에너지과,031-5189-1827
663,목**너지,"경기도 화성시 만세구 장안면 노진리 1034-10, 10동 [건물 위] (갈우물길69번길 21-47)",37.05069937,126.8244414,환경사업소 신재생에너지과,031-5189-1827
664,토**너지,"경기도 화성시 만세구 장안면 노진리 1034-10, 11동 [건물 위] (갈우물길69번길 21-47)",37.05069937,126.8244414,환경사업소 신재생에너지과,031-5189-1827
665,천*태양광발전소,"경기도 화성시 만세구 향남읍  요리 11, 1동, 2동 [건물 위](토성로 346) ",37.1174686,126.9601605,환경사업소 신재생에너지과,031-5189-3508
666,진*태양광발전소,경기도 화성시 만세구 우정읍 주곡리 510-2 [건물 위] (는나루길 23-6),37.11963941,126.7965438,환경사업소 신재생에너지과,031-5189-1827
667,태*태양광발전소,"경기도 화성시 만세구 장안면 노진리 1379, 1동, 3동 [건물 위] (노진길 316-8)",37.02754146,126.8196323,환경사업소 신재생에너지과,031-5189-1827
668,하*태양광발전소,"경기도 화성시 만세구 장안면 노진리 1379, 1동, 2동 [건물 위] (노진길 316-8)",37.02754146,126.8196323,환경사업소 신재생에너지과,031-5189-1827
669,서*태양광발전소,"경기도 화성시 만세구 장안면 노진리 1379, 2동, 4동 [건물 위] (노진길 316-8)",37.02754146,126.8196323,환경사업소 신재생에너지과,031-5189-1827
670,금**호태양광발전소,"경기도 화성시 만세구 장안면 덕다리 638, E동 [건물 위] (덕다길 246-23)",37.05081091,126.8314019,환경사업소 신재생에너지과,031-5189-1827
671,덕**태양광발전소,"경기도 화성시 만세구 팔탄면 덕우리 96-4, 1동 [건물 위] (온천로 151)",37.1375369,126.8627053,환경사업소 신재생에너지과,031-5189-3508
672,드*태양광발전소,"경기도 화성시 만세구 마도면 청원리110-3, 슬항리 538-1, 540-16, 540-18, 540-19 HMENG공장 1동 [건물 위] (절골로 52)",37.1933872,126.764582,환경사업소 신재생에너지과,031-5189-1827
673,꿈**전소,"경기도 화성시 효행구 봉담읍 상리 39-2, 39-4, 39-30[건물 위](진등3길 11-21)",37.22146679,126.9471229,환경사업소 신재생에너지과,031-5189-3508
674,건**호태양광발전소,"경기도 화성시 만세구 양감면 송산리 72-1~-5, 76-4, 2동[건물 위](늠말길 43)",37.11700585,126.9942248,환경사업소 신재생에너지과,031-5189-3508
675,건**호태양광발전소,"경기도 화성시 만세구 양감면 송산리 72-1~-5, 76-4, 2동[건물 위](늠말길 43)",37.11700585,126.9942248,환경사업소 신재생에너지과,031-5189-3508
676,건**호태양광발전소,"경기도 화성시 만세구 양감면 송산리 72-1~-5, 76-4, 1동[건물 위](늠말길 43)",37.11700585,126.9942248,환경사업소 신재생에너지과,031-5189-3508
677,성**태양광발전소,경기도 화성시 만세구 팔탄면 가재리 320-7 [건물 위] (삼천병마로 501),37.154636,126.9261001,환경사업소 신재생에너지과,031-5189-3508
678,엘*태양광발전소,"경기도 화성시 만세구 송산면 쌍정리 1221-2, 2동 [건물 위] (공룡로 152)",37.22933842,126.7255791,환경사업소 신재생에너지과,031-5189-1827
679,지*태양광발전소,"경기도 화성시 만세구 장안면 금의리 323, 1동, 2동 [건물 위] (금의솔안길 228-34)",37.10899233,126.8210315,환경사업소 신재생에너지과,031-5189-1827
680,대**태양광발전소,"경기도 화성시 만세구 장안면 어은리 354, 2동 [건물 위] (사랑길 184)",37.08613086,126.8286502,환경사업소 신재생에너지과,031-5189-1827
681,제**태양광발전소,경기도 화성시 효행구 봉담읍 수기리 11-174번지[토지],37.19876323,126.9836737,환경사업소 신재생에너지과,031-5189-3508
682,에**앤씨태양광발전소,경기도 화성시 병점구 안녕동 164-8[건물 위](효행로 610),37.20258777,126.9989732,환경사업소 신재생에너지과,031-5189-3508
683,성*태양광발전소,"경기도 화성시 만세구 팔탄면 노하리 1178-28, 1178-14, 1동, 2동 [건물 위] (노하길 132)",37.15475804,126.8485738,환경사업소 신재생에너지과,031-5189-3508
684,대**미칼태양광발전소,경기도 화성시 만세구 향남읍 백토리 52-1 [건물 위](서봉로 538-38),37.12582631,126.9526488,환경사업소 신재생에너지과,031-5189-3508
685,정**태양광발전소,"경기도 화성시 효행구 정남면 문학리 183-2, 184, 185[건물 위](동오4길 9-65)",37.14756627,126.9660274,환경사업소 신재생에너지과,031-5189-3508
686,모*태양광발전소,경기도 화성시 효행구 정남면 오일리 117-6[건물 위](원오일길 40) ,37.17252066,126.9708082,환경사업소 신재생에너지과,031-5189-3508
687,상**워텍발전소,"경기도 화성시 병점구 반월동312(가동, 나동), 312-2(가동, 나동)[건물 위] (반월북길 73, 77)     ",37.23056526,127.057295,환경사업소 신재생에너지과,031-5189-3508
688,행**전소,경기도 화성시 만세구 팔탄면 고주리 6 [토지],37.13903516,126.8835225,환경사업소 신재생에너지과,031-5189-3508
689,에**에스1호태양광발전소,"경기도 화성시 만세구 향남읍 구문천리 768, 1동[건물 위] (장안로 662-11)",37.07602834,126.8838867,환경사업소 신재생에너지과,031-5189-3508
690,에**에스2호태양광발전소,"경기도 화성시 만세구 향남읍 구문천리 768, 2동~4동[건물 위] (장안로 662-11)",37.07602834,126.8838867,환경사업소 신재생에너지과,031-5189-3508
691,미*태양광발전소,경기도 화성시 만세구 장안면 사곡리 166-5 [토지],37.07488378,126.8149121,환경사업소 신재생에너지과,031-5189-1827
692,윤*태양광발전소,"경기도 화성시 만세구 팔탄면 덕우리 66-13, 1동 [건물 위] (온천로137번길 20-29)",37.13704012,126.8591742,환경사업소 신재생에너지과,031-5189-3508
693,윤**태양광발전소,"경기도 화성시 만세구 팔탄면 덕우리 66-13, 2동 [건물 위] (온천로137번길 20-29)",37.13704012,126.8591742,환경사업소 신재생에너지과,031-5189-3508
694,햇**눔화성2호발전소,"경기도 화성시 효행구 비봉면 양노리 736-10, 1동, 2동 [건물 위] (양노남길 76-14)",37.21959774,126.865566,환경사업소 신재생에너지과,031-5189-1827
695,부*태양광발전소,"경기도 화성시 만세구 장안면 장안리 1107, 1107-1, 1동, 2동 [건물 위] (남양황라로505번길 42-30)",37.03520777,126.8493154,환경사업소 신재생에너지과,031-5189-1827
696,금*태양광발전소,"경기도 화성시 만세구 남양읍 온석리 297-6, 297-2, 298-1, 1동 [건물 위] (현대기아로 202-41)",37.17086004,126.8491115,환경사업소 신재생에너지과,031-5189-1827
697,대*태양광발전소,"경기도 화성시 만세구 남양읍 온석리 297-6, 297-2, 298-1, 2동 [건물 위] (현대기아로 202-41)",37.17086004,126.8491115,환경사업소 신재생에너지과,031-5189-1827
698,유**7호태양광발전소,"경기도 화성시 만세구 장안면 장안리 1773, 2032, 2033, 5동 [건물 위] (남양황라로 319-145)",37.02821255,126.8298461,환경사업소 신재생에너지과,031-5189-1827
699,유**8호태양광발전소,"경기도 화성시 만세구 장안면 장안리 1773, 2032, 2033, 6동 [건물 위] (남양황라로 319-145)",37.02821255,126.8298461,환경사업소 신재생에너지과,031-5189-1827
700,유**9호태양광발전소,"경기도 화성시 만세구 장안면 장안리 1773, 2032, 2033, 7동 [건물 위] (남양황라로 319-145)",37.02821255,126.8298461,환경사업소 신재생에너지과,031-5189-1827
701,유**10호태양광발전소,"경기도 화성시 만세구 장안면 장안리 1773, 2032, 2033, 9동 [건물 위] (남양황라로 319-145)",37.02821255,126.8298461,환경사업소 신재생에너지과,031-5189-1827
702,석*태양광발전소,"경기도 화성시 만세구 팔탄면 덕우리 141, 1동 [건물 위] (구운말길 20-1)",37.1385155,126.8653318,환경사업소 신재생에너지과,031-5189-3508
703,엔**태양광발전소,"경기도 화성시 만세구 마도면 송정리 194-1, 194-8, 1동 [건물 위] (송정로199번길 32)",37.22313027,126.7892152,환경사업소 신재생에너지과,031-5189-1827
704,구**태양광발전소,"경기도 화성시 효행구 비봉면 구포리 166-3(1동), 166-11(1동) [건물 위] (구포동길 29, 구포동길 31)",37.24788709,126.8885339,환경사업소 신재생에너지과,031-5189-1827
705,민**호태양광발전소,"경기도 화성시 만세구 남양읍 온석리 399-48, 399-45, 1동 [건물 위] (현대기아로125번길 37-5)",37.16480598,126.8415608,환경사업소 신재생에너지과,031-5189-1827
706,민**호태양광발전소,"경기도 화성시 만세구 남양읍 온석리 399-48, 399-45, 2동 [건물 위] (현대기아로125번길 37-5)",37.16480598,126.8415608,환경사업소 신재생에너지과,031-5189-1827
707,야**태양광발전소,"경기도 화성시 만세구 양감면  사창리 338, 2동[건물 위] (사릅재길 149)",37.08959553,126.9759536,환경사업소 신재생에너지과,031-5189-3508
708,야**태양광발전소,"경기도 화성시 만세구 양감면  사창리 338, 1동[건물 위] (사릅재길 149)",37.08959553,126.9759536,환경사업소 신재생에너지과,031-5189-3508
709,야**태양광발전소,"경기도 화성시 만세구 양감면  사창리 338, 1동[건물 위] (사릅재길 149)",37.08959553,126.9759536,환경사업소 신재생에너지과,031-5189-3508
710,야**태양광발전소,"경기도 화성시 만세구 양감면  사창리 338, 2동[건물 위] (사릅재길 149)",37.08959553,126.9759536,환경사업소 신재생에너지과,031-5189-3508
711,금*태양광발전소,경기도 화성시 효행구 정남면 오일리 79-3[건물 위](원오일길 55-1),37.17327283,126.9696877,환경사업소 신재생에너지과,031-5189-3508
712,희**,"경기도 화성시 만세구 장안면 노진리 1583, 1584, 1동 [건물 위] (화곡로 292-18)",37.05884387,126.8189592,환경사업소 신재생에너지과,031-5189-1827
713,희**,"경기도 화성시 만세구 장안면 노진리 1583, 1584, 2동 [건물 위] (화곡로 292-18)",37.05884387,126.8189592,환경사업소 신재생에너지과,031-5189-1827
714,희**,"경기도 화성시 만세구 장안면 노진리 1583, 1584, 3동 [건물 위] (화곡로 292-26)",37.05884387,126.8189592,환경사업소 신재생에너지과,031-5189-1827
715,희**,"경기도 화성시 만세구 장안면 노진리 1583, 1584, 4동 [건물 위] (화곡로 292-26)",37.05884387,126.8189592,환경사업소 신재생에너지과,031-5189-1827
716,희**,"경기도 화성시 만세구 장안면 노진리 1583, 1584, 5동 [건물 위] (화곡로 292-28)",37.05884387,126.8189592,환경사업소 신재생에너지과,031-5189-1827
717,희**1,"경기도 화성시 만세구 장안면 노진리 1583, 1584, 11동 [건물 위] (화곡로 292-34)",37.05884387,126.8189592,환경사업소 신재생에너지과,031-5189-1827
718,희**2,"경기도 화성시 만세구 장안면 노진리 1583, 1584, 12동 [건물 위] (화곡로 292-34)",37.05884387,126.8189592,환경사업소 신재생에너지과,031-5189-1827
719,희**3,"경기도 화성시 만세구 장안면 노진리 1583, 1584, 13동 [건물 위] (화곡로 292-36)",37.05884387,126.8189592,환경사업소 신재생에너지과,031-5189-1827
720,희**4,"경기도 화성시 만세구 장안면 노진리 1583, 1584, 14동 [건물 위] (화곡로 292-36)",37.05884387,126.8189592,환경사업소 신재생에너지과,031-5189-1827
721,희**5,"경기도 화성시 만세구 장안면 노진리 1583, 1584, 15동 [건물 위] (화곡로 292-38)",37.05884387,126.8189592,환경사업소 신재생에너지과,031-5189-1827
722,에**크태양광발전소,"경기도 화성시 만세구 향남읍 하길리 1407-1, A~C동[건물 위](제약단지로 42)",37.09008572,126.9149975,환경사업소 신재생에너지과,031-5189-3508
723,에**시스템태양광발전소,"경기도 화성시 만세구 장안면 석포리 677-1, 677-24 [건물 위] (석포로108번길 34)",37.14024626,126.8438229,환경사업소 신재생에너지과,031-5189-1827
724,드**2호태양광발전소,"경기도 화성시 만세구 송산면 사강리 194-4, 1동 [건물 위] (송산로152번길 20)",37.22180082,126.7211475,환경사업소 신재생에너지과,031-5189-1827
725,햇**눔화성3호발전소,"경기도 화성시 만세구 마도면 슬항리 17-2, 가동 [건물 위] (화성로 580-12)",37.21042763,126.7537103,환경사업소 신재생에너지과,031-5189-1827
726,삼*태양광발전소,"경기도 화성시 만세구 송산면 지화리 40-26, 1동 [건물 위] (송산서로240번길 62-43)",37.22198482,126.6907801,환경사업소 신재생에너지과,031-5189-1827
727,고**태양광발전소,"경기도 화성시 만세구 송산면 육일리 371-1, 2동 [건물 위] (화성로 316-36)",37.2051728,126.7284292,환경사업소 신재생에너지과,031-5189-1827
728,희**,"경기도 화성시 만세구 장안면 노진리 1583, 1584, 6동 [건물 위] (화곡로 292-28)",37.05884387,126.8189592,환경사업소 신재생에너지과,031-5189-1827
729,희**,"경기도 화성시 만세구 장안면 노진리 1583, 1584, 7동 [건물 위] (화곡로 292-30)",37.05884387,126.8189592,환경사업소 신재생에너지과,031-5189-1827
730,희**,"경기도 화성시 만세구 장안면 노진리 1583, 1584, 8동 [건물 위] (화곡로 292-30)",37.05884387,126.8189592,환경사업소 신재생에너지과,031-5189-1827
731,희**,"경기도 화성시 만세구 장안면 노진리 1583, 1584, 9동 [건물 위] (화곡로 292-32)",37.05884387,126.8189592,환경사업소 신재생에너지과,031-5189-1827
732,희**0,"경기도 화성시 만세구 장안면 노진리 1583, 1584, 10동 [건물 위] (화곡로 292-32)",37.05884387,126.8189592,환경사업소 신재생에너지과,031-5189-1827
733,희**6,"경기도 화성시 만세구 장안면 노진리 1583, 1584, 16동 [건물 위] (화곡로 292-38)",37.05884387,126.8189592,환경사업소 신재생에너지과,031-5189-1827
734,희**7,"경기도 화성시 만세구 장안면 노진리 1583, 1584, 17동 [건물 위] (화곡로 292-40)",37.05884387,126.8189592,환경사업소 신재생에너지과,031-5189-1827
735,희**8,"경기도 화성시 만세구 장안면 노진리 1583, 1584, 18동 [건물 위] (화곡로 292-40)",37.05884387,126.8189592,환경사업소 신재생에너지과,031-5189-1827
736,희**9,"경기도 화성시 만세구 장안면 노진리 1583, 1584, 19동 [건물 위] (화곡로 292-40)",37.05884387,126.8189592,환경사업소 신재생에너지과,031-5189-1827
737,우**0호태양광발전소,"경기도 화성시 만세구 우정읍 이화리 1581, 1582, 1583, 1584, 1585, 1586, 26동, 31동 [건물 위] (남양황라로 84-72)",37.01933684,126.8053387,환경사업소 신재생에너지과,031-5189-1827
738,우**1호태양광발전소,"경기도 화성시 만세구 우정읍 이화리 1581, 1582, 1583, 1584, 1585, 1586, 25동, 30동 [건물 위] (남양황라로 84-72)",37.01933684,126.8053387,환경사업소 신재생에너지과,031-5189-1827
739,우**2호태양광발전소,"경기도 화성시 만세구 우정읍 이화리 1581, 1582, 1583, 1584, 1585, 1586, 24동, 29동 [건물 위] (남양황라로 84-72)",37.01933684,126.8053387,환경사업소 신재생에너지과,031-5189-1827
740,우**3호태양광발전소,"경기도 화성시 만세구 우정읍 이화리 1581, 1582, 1583, 1584, 1585, 1586, 23동, 28동 [건물 위] (남양황라로 84-72)",37.01933684,126.8053387,환경사업소 신재생에너지과,031-5189-1827
741,우**4호태양광발전소,"경기도 화성시 만세구 우정읍 이화리 1581, 1582, 1583, 1584, 1585, 1586, 16동, 22동, 27동 [건물 위] (남양황라로 84-72)",37.01933684,126.8053387,환경사업소 신재생에너지과,031-5189-1827
742,천*태양광발전소,"경기도 화성시 만세구 팔탄면 구장리 86-1, 1동, 2동[건물 위] (시청로 1008)",37.169839,126.8998754,환경사업소 신재생에너지과,031-5189-3508
743,형*태양광발전소,"경기도 화성시 만세구 팔탄면 구장리 86-1, 2동, 3동[건물 위] (시청로 1008)",37.169839,126.8998754,환경사업소 신재생에너지과,031-5189-3508
744,율**리새마을2 태양광발전소,"경기도 화성시 만세구 팔탄면  율암리 616-1, 723-1, 723-2, 주2(제1호), 주7(제3호) [건물 위](율암길34번길 21)",37.15873437,126.8859304,환경사업소 신재생에너지과,031-5189-3508
745,영*태양광발전소,"경기도 화성시 병점구 안녕동 146-89, 146-240, 146-278, 146-87[건물 위](안녕남로 140,안녕남로140번길 6)",37.19563342,126.9979037,환경사업소 신재생에너지과,031-5189-3508
746,영*태양광발전소,"경기도 화성시 만세구 남양읍 신남리 1128, 1128-4, 1131-1, 주건축물제1동 [건물 위] (신남로 353-4)",37.17533621,126.8071121,환경사업소 신재생에너지과,031-5189-1827
747,호**텍2호태양광발전소,"경기도 화성시 만세구 우정읍 조암리 250-10, 1동(우측) [건물 위] (버들로 77-23)",37.07769339,126.8066742,환경사업소 신재생에너지과,031-5189-1827
748,산**농원태양광발전소,"경기도 화성시 만세구 양감면 신왕리 1920, 1동, 2동 [건물 위](초록로 140번길 62-17)",37.06970756,126.9553584,환경사업소 신재생에너지과,031-5189-3508
749,진**자1호태양광발전소,"경기도 화성시 만세구 송산면 마산리 772-1, 770-5, 772-4, A동, E동 [건물 위] (송산서로 150)",37.22302358,126.6977236,환경사업소 신재생에너지과,031-5189-1827
750,진**자2호태양광발전소,"경기도 화성시 만세구 송산면 마산리 772-1, 770-5, 772-4, A동 [건물 위] (송산서로 150)",37.22302358,126.6977236,환경사업소 신재생에너지과,031-5189-1827
751,진**자3호태양광발전소,"경기도 화성시 만세구 송산면 마산리 772-1, 770-5, 772-4, A동 [건물 위] (송산서로 150)",37.22302358,126.6977236,환경사업소 신재생에너지과,031-5189-1827
752,일**태양광발전소,경기도 화성시 만세구 서신면 용두리 691-5 [건물 위] (궁평항로 1646-14),37.16114466,126.7073205,환경사업소 신재생에너지과,031-5189-1827
753,호**텍1호태양광발전소,"경기도 화성시 만세구 우정읍 조암리 250-10, 1동(좌측) [건물 위] (버들로 77-23)",37.07769339,126.8066742,환경사업소 신재생에너지과,031-5189-1827
754,다**네트워크1호,"경기도 화성시 만세구 양감면 신왕리 1921번지,  E동, F동[건물 위](초록로140번길 62-13)",37.07014116,126.9555578,환경사업소 신재생에너지과,031-5189-3508
755,다**네트워크2호,"경기도 화성시 만세구 양감면 신왕리 1921번지,  B동, D동[건물 위](초록로140번길 62-13)",37.07014116,126.9555578,환경사업소 신재생에너지과,031-5189-3508
756,다**네트워크3호,"경기도 화성시 만세구 양감면 신왕리 1921번지,  A동, C동[건물 위](초록로140번길 62-13)",37.07014116,126.9555578,환경사업소 신재생에너지과,031-5189-3508
757,현**스발전소,"경기도 화성시 만세구 팔탄면  고주리 6, 2동 [토지 및 건물 위] (터넉골로120번길 6)",37.13903516,126.8835225,환경사업소 신재생에너지과,031-5189-3508
758,K**CO-03-F10 유티아이테크 태양광 발전소,"경기도 화성시 만세구 양감면 정문리 326-4, A동, B동[건물 위] (정문송산로 46)",37.09722713,126.9854663,환경사업소 신재생에너지과,031-5189-3508
759,태**지니어링태양광발전소,"경기도 화성시 만세구 마도면 송정리 371-1, 373-1 [건물 위] (송정서길 60)",37.2190194,126.7831448,환경사업소 신재생에너지과,031-5189-1827
760,그*태양광발전소,"경기도 화성시 만세구 우정읍 주곡리 40-4(1동), 41-8 [건물 위] (버들로 1009, 버들로 999)",37.11818201,126.8281196,환경사업소 신재생에너지과,031-5189-1827
761,유**호태양광발전소,"경기도 화성시 만세구 서신면 송교리 70, 1동(우측) [건물 위] (송교큰말길 49)",37.16702264,126.6705744,환경사업소 신재생에너지과,031-5189-1827
762,송**호태양광발전소,"경기도 화성시 만세구 서신면 송교리 70-4, 1동(우측) [건물 위] (송교큰말길 49)",37.16690751,126.6708685,환경사업소 신재생에너지과,031-5189-1827
763,송**호태양광발전소,"경기도 화성시 만세구 서신면 송교리 70-5, 1동(우측) [건물 위] (송교큰말길 45)",37.16671776,126.670803,환경사업소 신재생에너지과,031-5189-1827
764,지**호태양광발전소,"경기도 화성시 만세구 장안면 사곡리 1253, 1동, 2동 [건물 위] (화곡로 293-115)",37.06061655,126.8090679,환경사업소 신재생에너지과,031-5189-1827
765,지**호태양광발전소,"경기도 화성시 만세구 장안면 사곡리 1253, 3동, 4동 [건물 위] (화곡로 293-115)",37.06061655,126.8090679,환경사업소 신재생에너지과,031-5189-1827
766,지**호태양광발전소,"경기도 화성시 만세구 장안면 사곡리 1253, 5동, 6동 [건물 위] (화곡로 293-115)",37.06061655,126.8090679,환경사업소 신재생에너지과,031-5189-1827
767,지**호태양광발전소,"경기도 화성시 만세구 장안면 사곡리 1253, 7동, 8동 [건물 위] (화곡로 293-115)",37.06061655,126.8090679,환경사업소 신재생에너지과,031-5189-1827
768,지**호태양광발전소,"경기도 화성시 만세구 장안면 사곡리 1253, 9동, 10동 [건물 위] (화곡로 293-115)",37.06061655,126.8090679,환경사업소 신재생에너지과,031-5189-1827
769,은*태양광발전소,"경기도 화성시 만세구 향남읍 구문천리 659, 660, 1동[건물 위](장안로 764-11)",37.08488747,126.8887656,환경사업소 신재생에너지과,031-5189-3508
770,소**태양광발전소,"경기도 화성시 만세구 장안면 장안리 2005, 2006(건물 위)",37.02651092,126.8302096,환경사업소 신재생에너지과,031-5189-1827
771,화**민1호기태양광발전소,"경기도 화성시 만세구 우정읍 매향리 986, 주차장 [토지] [※공유재산사용허가(체육진흥과-14039(2020.11.4.)구역에 한함]",37.04781875,126.7615693,환경사업소 신재생에너지과,031-5189-1827
772,현*태양광발전소,"경기도 화성시 만세구 마도면 두곡리 181-1, 가동 [건물 위] (두곡길10번길 25-15)",37.2056463,126.7867197,환경사업소 신재생에너지과,031-5189-1827
773,정**설태양광발전소,"경기도 화성시 만세구 우정읍 매향리 67-33, 1동 [건물 위] (궁평항로 106-43)",37.05698152,126.7608282,환경사업소 신재생에너지과,031-5189-1827
774,토**태양광발전소,"경기도 화성시 만세구 마도면 송정리 372, 371-9, 1동 [건물 위] (송정서길 58)",37.21901189,126.7833928,환경사업소 신재생에너지과,031-5189-1827
775,U**태양광 → U&I태양광,경기도 화성시 만세구 향남읍 동오리 77-3 [토지 및 건물 위]              (서봉로755번길 13),37.14290976,126.9569396,환경사업소 신재생에너지과,031-5189-3508
776,믿*태양광발전소,경기도 화성시 만세구 우정읍 조암리 799-14 [건물 위] (조암동로36번길 54),37.08688788,126.8238616,환경사업소 신재생에너지과,031-5189-1827
777,장**1호태양광발전소,"경기도 화성시 만세구 장안면 장안리 2042, 1동, 2동 [건물 위] (남양황라로 319-32)",37.02882974,126.8337982,환경사업소 신재생에너지과,031-5189-1827
778,장**2호태양광발전소,"경기도 화성시 만세구 장안면 장안리 2042, 3동 [건물 위] (남양황라로 319-32)",37.02882974,126.8337982,환경사업소 신재생에너지과,031-5189-1827
779,장**3호태양광발전소,"경기도 화성시 만세구 장안면 장안리 2042, 4동 [건물 위] (남양황라로 319-32)",37.02882974,126.8337982,환경사업소 신재생에너지과,031-5189-1827
780,장**4호태양광발전소,"경기도 화성시 만세구 장안면 장안리 2042, 5동 [건물 위] (남양황라로 319-32)",37.02882974,126.8337982,환경사업소 신재생에너지과,031-5189-1827
781,장**5호태양광발전소,"경기도 화성시 만세구 장안면 장안리 2042, 6동 [건물 위] (남양황라로 319-32)",37.02882974,126.8337982,환경사업소 신재생에너지과,031-5189-1827
782,화**민햇빛발전소1호기,"경기도 화성시 효행구 봉담읍 덕리 7, L동[건물 위] (서봉산길 10) [※공유재산사용허가농식품유통과-1866(2021.2.5),공유재산사용수익허가조건 준수]",37.17374052,126.9381663,환경사업소 신재생에너지과,031-5189-3508
783,신**호태양광발전소,경기도 화성시 만세구 양감면 신왕리 1949 1동 [건물위] (초록로166번길 15-25),37.07363603,126.9608989,환경사업소 신재생에너지과,031-5189-3508
784,신**호태양광발전소,경기도 화성시 만세구 양감면 신왕리 1949 2동 [건물위] (초록로166번길 15-25),37.07369205,126.961326,환경사업소 신재생에너지과,031-5189-3508
785,신**호태양광발전소,경기도 화성시 만세구 양감면 신왕리 1949 3동 [건물위] (초록로166번길 15-25),37.07352801,126.9609334,환경사업소 신재생에너지과,031-5189-3508
786,청**호태양광발전소,"경기도 화성시 만세구 양감면 신왕리 1972, 1973 1동 [건물위] (초록로166번길 95-50)",37.0714538,126.9647054,환경사업소 신재생에너지과,031-5189-3508
787,청**호태양광발전소,"경기도 화성시 만세구 양감면 신왕리 1972, 1973 2동 [건물위] (초록로166번길 95-50)",37.0714538,126.9647054,환경사업소 신재생에너지과,031-5189-3508
788,청**호태양광발전소,"경기도 화성시 만세구 양감면 신왕리 1972, 1973 3동 [건물위] (초록로166번길 95-50)",37.0714538,126.9647054,환경사업소 신재생에너지과,031-5189-3508
789,청**호태양광발전소,"경기도 화성시 만세구 양감면 신왕리 1972, 1973 4동 [건물위] (초록로166번길 95-50)",37.0714538,126.9647054,환경사업소 신재생에너지과,031-5189-3508
790,신*태양광발전소,"경기도 화성시 만세구 남양읍 온석리 336-8, 336-9, 336-13 [건물 위] (현대기아로250번길 32)",37.17530825,126.8466176,환경사업소 신재생에너지과,031-5189-1827
791,재**태양광발전소,경기도 화성시 효행구 정남면 신리 259-1[건물 위](서봉로 1010),37.16091918,126.9727474,환경사업소 신재생에너지과,031-5189-3508
792,재**태양광발전소,"경기도 화성시 효행구 정남면 계향리 440, B동 [건물 위] (계향남길 87)",37.14815903,126.9797275,환경사업소 신재생에너지과,031-5189-3508
793,재**태양광발전소,"경기도 화성시 효행구 정남면 계향리 440, A동 [건물 위] (계향남길 85)",37.14815903,126.9797275,환경사업소 신재생에너지과,031-5189-3508
794,진**크발전소,"경기도 화성시 만세구 송산면 쌍정리 168-7, 2동 [건물 위] (공룡로 282-2)",37.23486511,126.7340791,환경사업소 신재생에너지과,031-5189-1827
795,이**치태양광발전소,"경기도 화성시 만세구 우정읍 이화리 1102-4, 1102-5, 1동 [건물 위] (남양만로 442-9)",37.02620639,126.796282,환경사업소 신재생에너지과,031-5189-1827
796,해**태양광발전소,"경기도 화성시 만세구 마도면 해문리 238-1, 238, 1동 [건물 위] (금해로135번길 720",37.20202848,126.7440457,환경사업소 신재생에너지과,031-5189-1827
797,대**크태양광발전소,"경기도 화성시 효행구 매송면 원평리 266-2, 268-6 1동 [건물 위] (화성로 2298-27)",37.24979624,126.9149377,환경사업소 신재생에너지과,031-5189-1827
798,덕*태양광발전소,경기도 화성시 만세구 팔탄면 덕천리 387-2 [건물 위] (온천로 234-16),37.14138859,126.8682578,환경사업소 신재생에너지과,031-5189-3508
799,덕**회태양광발전소,경기도 화성시 만세구 팔탄면 덕천리 213 [건물 위] (터넉골로 7),37.1423867,126.8728886,환경사업소 신재생에너지과,031-5189-3508
800,김**태양광발전소,"경기도 화성시 효행구 정남면 관항리 76-2, A동, B동 [건물 위](만은동2길23)",37.17759893,126.9756167,환경사업소 신재생에너지과,031-5189-3508
801,K**CO-03-F53원명에스티에스태양광발전소,"경기도 화성시 만세구 팔탄면 창곡리 1037-8,1040 1동,2동,3동[건물위] (푸른들판로 731-22)",37.17381888,126.8902015,환경사업소 신재생에너지과,031-5189-3508
802,K**CO-03-F54대한에스티에스(주)1태양광발전소,"경기도 화성시 만세구 팔탄면 율암리 153-1,154-27,153-3,154-25,154-26 [건물위] (밤뒤길 42번길 27)",37.17033137,126.8839931,환경사업소 신재생에너지과,031-5189-3508
803,K**CO-03-F55대한에스티에스㈜2태양광발전소,"경기도 화성시 만세구 팔탄면 구장리 35-7,35-8 [건물위] (시청로 999,1005)",37.16987642,126.8983657,환경사업소 신재생에너지과,031-5189-3508
804,선*태양광발전소,"경기도 화성시 효행구 비봉면 남전리 30-2, 30-4 [건물위] (남전로 136번길 62)",37.2339381,126.8504523,환경사업소 신재생에너지과,031-5189-1827
805,K**CO세건엔지니어링태양광발전소,"경기도 화성시 만세구 서신면 전곡리 1118-5, C동 [건물 위] (전곡산단8길 83)",37.18181341,126.6781859,환경사업소 신재생에너지과,031-5189-1827
806,썬**즈태양광발전소,"경기도 화성시 만세구 송산면 용포리 497, 499-3, 1동 [건물 위] (용포로 126)",37.23137253,126.7460638,환경사업소 신재생에너지과,031-5189-1827
807,K**CO-03-F39유진테코태양광발전소,"경기도 화성시 만세구 장안면 독정리 276-4, A동, B동, C동, D동, E동 [건물 위] (장안로 480-92)",37.07366134,126.8674701,환경사업소 신재생에너지과,031-5189-1827
808,K**CO-03-F40동방비앤에이치1태양광발전소,"경기도 화성시 만세구 장안면 독정리 276-24, 1동, 2동, 3동 [건물 위] (장안로 480-100)",37.07332441,126.8668317,환경사업소 신재생에너지과,031-5189-1827
809,K**CO-03-F41썸백태양광발전소,경기도 화성시 만세구 장안면 독정리 276-85 [건물 위] (장안로 480-126),37.07104031,126.8678631,환경사업소 신재생에너지과,031-5189-1827
810,K**CO-03-F48동방비앤에이치2태양광발전소,"경기도 화성시 만세구 장안면 독정리 276-36, 276-66, A동, B동 [건물 위] (장안로 480-132)",37.07180131,126.8685768,환경사업소 신재생에너지과,031-5189-1827
811,K**CO-03-F26동주산업태양광발전소,"경기도 화성시 만세구 향남읍 구문천리 923-2, 1동, 2동, 3동, 5동[건물 위](발안공단로 92-85)",37.0886019,126.9084378,환경사업소 신재생에너지과,031-5189-3508
812,화**스트1발전소,경기도 화성시 동탄구 능동1075-2 [건물위] (동탄하나2길8-2),37.2139811,127.0625877,환경사업소 신재생에너지과,031-5189-3508
813,대*태양광발전소,"경기도 화성시 효행구 비봉면 청요리733-1,733-2 1,2동[건물위](자청로 207번길7)",37.20483018,126.8908085,환경사업소 신재생에너지과,031-5189-1827
814,K**CO-03-F56(주)엘엠에이치코리아 태양광발전소,"경기도 화성시 효행구 봉담읍 상기리 422, 422-1, 422-4, 422-11, 422-12, 422-17, 422-20  2동 [건물 위] (주석로1016번길 9-3)",37.1998718,126.9249352,환경사업소 신재생에너지과,031-5189-3508
815,청**태양광발전소,"경기도 화성시 효행구 비봉면 청요리 314-3,311-4,314-9 [건물위] (주석로 701번길 13)",37.19999302,126.8985212,환경사업소 신재생에너지과,031-5189-1827
816,K**CO-03-F51다해산업태양광발전소,"경기도 화성시 만세구 마도면 청원리 1382, 가동, 나동 (경기화성바이오밸리I-17-9블록) [건물 위] (청원산단3길 61-7)",37.16667899,126.7777938,환경사업소 신재생에너지과,031-5189-1827
817,바**앤드림코리아1태양광발전소,"경기도 화성시 만세구 남양읍 남양리 1069-12, 가동, 나동 [건물 위] (마도공단로 120-12)",37.19488823,126.7950124,환경사업소 신재생에너지과,031-5189-1827
818,신**광발전소,"경기도 화성시 만세구 우정읍 멱우리 233-5, 1동 [건물 위] (멱우방죽2길 9)",37.1054178,126.8061627,환경사업소 신재생에너지과,031-5189-1827
819,스**태양광발전소,"경기도 화성시 만세구 장안면 독정리 1618, 10동 [건물 위] (남양호로 426-31)",37.06078093,126.8778575,환경사업소 신재생에너지과,031-5189-1827
820,서*태양광발전소,"경기도 화성시 만세구 서신면 매화리 69-1, 1동 [건물 위] (매골길 115-5)",37.17099314,126.7162401,환경사업소 신재생에너지과,031-5189-1827
821,K**CO-03-F52신흥플랜트태양광발전소,"경기도 화성시 만세구 향남읍 하길리 1412-16 나동,다동[건물위] (발안공단로1길 48)",37.08634595,126.9170515,환경사업소 신재생에너지과,031-5189-3508
822,영**호태양광발전소,경기도 화성시 만세구 팔탄면 창곡리839 [건물위](독곡길62-5),37.17941112,126.8926462,환경사업소 신재생에너지과,031-5189-3508
823,가**리태양광발전소,경기도 화성시 만세구 팔탄면 가재리366-4[건물위](가재울길29-1),37.15594228,126.9240856,환경사업소 신재생에너지과,031-5189-3508
824,다*태양광발전소,경기도 화성시 만세구 향남읍 수직리 308-14[건물위](발안로702-69),37.12007732,126.9832292,환경사업소 신재생에너지과,031-5189-3508
825,대**업태양광발전소,경기도 화성시 만세구 향남읍 동오리 82-18[건물위] (서봉로 724-46),37.13908703,126.9587459,환경사업소 신재생에너지과,031-5189-3508
826,마**발전소,"경기도 화성시 만세구 마도면 해문리 334-24, 1동 [건물 위] (마도북로 189-11)",37.20102959,126.7514027,환경사업소 신재생에너지과,031-5189-1827
827,㈜**이엔지태양광발전소,"경기도 화성시 만세구 남양읍 신남리 1243, 1242-1, 1243-1, A동, B동 [건물 위] (신남로 316-18) ",37.1724729,126.80457,환경사업소 신재생에너지과,031-5189-1827
828,태**주서진태양광발전소,"경기도 화성시 만세구 향남읍 증거리 385-33, 385, 385-35[건물위] (만년로151번길 74-10)",37.13195741,126.9728696,환경사업소 신재생에너지과,031-5189-3508
829,재*태양광발전소,경기도 화성시 효행구 정남면 관항리 3-5[건물위](보통내길17번길45),37.1799387,126.9706888,환경사업소 신재생에너지과,031-5189-3508
830,드**산태양광발전소,"경기도 화성시 만세구 양감면 신왕리 1920 2동, 3동 [건물위] (초록로140번길 62-17)",37.06965503,126.9556962,환경사업소 신재생에너지과,031-5189-3508
831,장*태양광발전소,경기도 화성시 만세구 양감면 신왕리 1920 3동 [건물위] (초록로140번길 62-17),37.06970756,126.9553584,환경사업소 신재생에너지과,031-5189-3508
832,현**태양광발전소,"경기도 화성시 만세구 마도면 청원리 202-11, 202-10, 203-5, 203-22, 203-23, 현준빌1동 [건물 위] (마도로 504)",37.1886357,126.7586117,환경사업소 신재생에너지과,031-5189-1827
833,유**마을회태양광발전소,경기도 화성시 효행구 비봉면 유포리 306-1[건물위](남이로 241-5),37.24798322,126.8409279,환경사업소 신재생에너지과,031-5189-1827
834,히**스템1호태양광발전소,경기도 화성시 만세구 송산면 지화리 687-7 2동 좌측[건물 위]               (송산산단길 105),37.21444155,126.6962705,환경사업소 신재생에너지과,031-5189-1827
835,히**스템2호태양광발전소,경기도 화성시 만세구 송산면 지화리 687-7 2동 우측[건물 위]               (송산산단길 105),37.21444155,126.6962705,환경사업소 신재생에너지과,031-5189-1827
836,성**태양광발전소,"경기도 화성시 만세구 우정읍 석천리 962-28, 1동 [건물 위] (띨뿌리1길 38)",37.03901977,126.7701216,환경사업소 신재생에너지과,031-5189-1827
837,성**태양광발전소,"경기도 화성시 만세구 우정읍 석천리 962-28, 2동 [건물 위] (띨뿌리1길 38)",37.03901977,126.7701216,환경사업소 신재생에너지과,031-5189-1827
838,성**태양광발전소,"경기도 화성시 만세구 우정읍 석천리 962-28, 1동, 3동 [건물 위] (띨뿌리1길 38)",37.03901977,126.7701216,환경사업소 신재생에너지과,031-5189-1827
839,빅**A동발전소,경기도 화성시 효행구 정남면 오일리 326-3 A동[건물위] (여의동길29),37.16771368,126.9682398,환경사업소 신재생에너지과,031-5189-3508
840,빅**B동발전소,경기도 화성시 효행구 정남면 오일리 326-3 B동[건물위] (여의동길29),37.16771368,126.9682398,환경사업소 신재생에너지과,031-5189-3508
841,㈜**에스이,경기도 화성시 효행구 봉담읍 덕우리 225[건물위](마당바위로231),37.16455435,126.9192897,환경사업소 신재생에너지과,031-5189-3508
842,신*태양광발전소,"경기도 화성시 효행구 비봉면 자안리 695 1동,2동 [건물위] (푸른들판로1125번길 43)",37.20159983,126.8728948,환경사업소 신재생에너지과,031-5189-1827
843,초*태양광발전소,"경기도 화성시 만세구 향남읍 동오리 688-16, 688-17, 1동(우측) [건물 위] (발안로 453-51) ",37.13483184,126.9586298,환경사업소 신재생에너지과,031-5189-3508
844,수*태양광발전소,"경기도 화성시 만세구 향남읍 동오리 688-16, 688-17, 1동(좌측) [건물 위] (발안로 453-51) ",37.13483184,126.9586298,환경사업소 신재생에너지과,031-5189-3508
845,상*태양광발전소,"경기도 화성시 만세구 향남읍 동오리 78, 78-1, 78-9, 571-3 C동[건물위](서봉로729-3)",37.14086934,126.9562335,환경사업소 신재생에너지과,031-5189-3508
846,금**NG태양광발전소,"경기도 화성시 효행구 정남면 음양리 957 1동, 2동, 3동 [건물위] (정남산단1길14)",37.14310661,127.0259282,환경사업소 신재생에너지과,031-5189-3508
847,에**버태양광발전소,"경기도 화성시 만세구 송산면 사강리 186-2, 184-1, 185-1, 185-2, 1동 [건물 위] (송산로152번길 4-22)",37.22293548,126.7237283,환경사업소 신재생에너지과,031-5189-1827
848,제**이티태양광발전소,"경기도 화성시 만세구 남양읍 북양리 77-16, 1동 [건물 위] (화성로1424번길 17-30)",37.219406,126.8419882,환경사업소 신재생에너지과,031-5189-1827
849,작**배사태양광발전소,"경기도 화성시 만세구 장안면 석포리 718-54, 1동 [건물 위] (매바위로 376)",37.14492342,126.8149452,환경사업소 신재생에너지과,031-5189-1827
850,민*태양광발전소,"경기도 화성시 만세구 팔탄면 덕우리 225-1,225[건물위](온천로16-43)",37.12878354,126.8625761,환경사업소 신재생에너지과,031-5189-3508
851,해**화성4호발전소,"경기도 화성시 만세구 향남읍 동오리 655, 655-2, 656 1동[건물위](발안로 484)",37.13051013,126.9597414,환경사업소 신재생에너지과,031-5189-3508
852,해**화성5호발전소,"경기도 화성시 만세구 향남읍 동오리 655, 655-2, 656 3동[건물위](발안로 484)",37.13051013,126.9597414,환경사업소 신재생에너지과,031-5189-3508
853,정**전소,경기도 화성시 효행구 봉담읍 상기리 422-35[건물위](주석로1016번길23),37.19925197,126.9235201,환경사업소 신재생에너지과,031-5189-3508
854,K**태양광발전소,경기도 화성시 만세구 향남읍 길성리 318-2 [건물 위] (길성안길73-2),37.12333864,126.9625504,환경사업소 신재생에너지과,031-5189-3508
855,송**태양광발전소,경기도 화성시 효행구 정남면 음양리 205-12 A동 [건물 위] (음양1길131-9),37.14842133,127.0272801,환경사업소 신재생에너지과,031-5189-3508
856,송**2태양광발전소,"경기도 화성시 효행구 정남면 음양리 205-12 A동,B동 [건물 위] (음양1길131-9)",37.14842133,127.0272801,환경사업소 신재생에너지과,031-5189-3508
